Name,Code,Barcode Symbology,Brand,Category Code,Unit Code,Sale Unit Code, Purchase Unit Code,Cost,Price,Alert Quantity, Tax Rate Name,Tax Method,Image,Subcategory Code,Product Variants Separated by |,Custom Field 1,Custom Field 2,Custom Field 3,Custom Field 4,Custom Field 5,Custom Field 6,HSN Code,Secondary Name,Supplier Name,Supplier Part No,Supplier Price
NIMBOOZ,,8.90E+12,7UP,,,,,,20,,,,NIMBOOZ.png,,,,,,,,,,,,,
PEDIASURE VANILLA DELIGHT HEALTH FOOD,,8.90E+12,ABBOTT,,,,,,580,,,,PEDIASURE12.png,,,,,,,,,,,,,
PEDIASURE CHOCOLATE HEALTH FOOD,,8.90E+12,ABBOTT,,,,,,580,,,,PEDIASURECHOCOLATE.png,,,,,,,,,,,,,
PEDIASURE VANILLA DELIGHT HEALTH FOOD,,8.90E+12,ABBOTT,,,,,,"1,240.00",,,,PEDIASUREVANILLA.png,,,,,,,,,,,,,
PEDIASURE CHOCOLATE HEALTH FOOD,,8.90E+12,ABBOTT,,,,,,"1,240.00",,,,PEDIASURECHOCOLATE1kg.png,,,,,,,,,,,,,
PEDIASURE VANILLA DELIGHT HEALTH FOOD,,8.90E+12,ABBOTT,,,,,,315,,,,PEDIASUReVANILLA200g.png,,,,,,,,,,,,,
PEDIASURE CHOCOLATE HEALTH FOOD,,8.90E+12,ABBOTT,,,,,,315,,,,PEDIASURECHOCOLATE400g.png,,,,,,,,,,,,,
CARAMEL BLISS,,8.90E+12,ACT II,,,,,,65,,,,CARAMELBLISS.jpeg,,,,,,,,,,,,,
GOLDEN SIZZLE,,8.90E+12,ACT II,,,,,,33,,,,GOLDENSIZZLE.JPEG,,,,,,,,,,,,,
CLASSIC SALTED,,8.90E+12,ACT II,,,,,,33,,,,CLASSICSALTED.JPEG,,,,,,,,,,,,,
CLASSIC SALTED,,8.90E+12,ACT II,,,,,,44,,,,CLASSICSALTED.JPEG,,,,,,,,,,,,,
CHEESE 2+1 FREE,,8.90E+12,ACT II,,,,,,100,,,,CHEESE2+1FREE.JPEG,,,,,,,,,,,,,
CHEEDAR CHEESE,,8.90E+12,ACT II,,,,,,180,,,,CHEEDARCHEESE.JPEG,,,,,,,,,,,,,
GOLDEN SIZZLE,,8.90E+12,ACT II,,,,,,44,,,,GOLDENSIZZLE.JPEG,,,,,,,,,,,,,
XTREME BUTTER,,8.90E+12,ACT II,,,,,,30,,,,XTREMEBUTTER.JPEG,,,,,,,,,,,,,
BUTTER PEPPER,,8.90E+12,ACT II,,,,,,30,,,,BUTTERPEPPER.JPEG,,,,,,,,,,,,,
BUTTER DELIGHT,,8.90E+12,ACT II,,,,,,30,,,,BUTTERDELIGHT.JPEG,,,,,,,,,,,,,
MOVIE THEATRE BUTTER,,8.90E+12,ACT II,,,,,,30,,,,MOVIETHEATREBUTTER.JPEG,,,,,,,,,,,,,
MICROWAVE BUTTER,,8.90E+12,ACT II,,,,,,25,,,,MICROWAVEBUTTER.PNG,,,,,,,,,,,,,
MICROWAVE ORIGINAL,,8.90E+12,ACT II,,,,,,25,,,,MICROWAVEORIGINAL.PNG,,,,,,,,,,,,,
MICROWAVE BUTTER LOVER,,8.90E+12,ACT II,,,,,,195,,,,MICROWAVEBUTTERLOVER.PNG,,,,,,,,,,,,,
MICROWAVE BUTTER,,8.90E+12,ACT II,,,,,,195,,,,MICROWAVEBUTTER.PNG,,,,,,,,,,,,,
CLASSIC SALTED,,,ACT II,,,,,,10,,,,CLASSICSALTED.PNG,,,,,,,,,,,,,
CLASSIC SALTED COMBO,,8.90E+12,ACT II,,,,,,50,,,,CLASSICSALTEDCOMBO.PNG,,,,,,,,,,,,,
SOOJI,,8.90E+12,AHAR,,,,,,41,,,,SOOJI.JPG/JPEG,,,,,,,,,,,,,
MAIDA,,8.90E+12,AHAR,,,,,,40,,,,MAIDA.JPG/JPEG,,,,,,,,,,,,,
BESAN,,8.90E+12,AHAR,,,,,,65,,,,BESAN.JPG,,,,,,,,,,,,,
POHA,,8.90E+12,AHAR,,,,,,70,,,,POHA.JPG,,,,,,,,,,,,,
ROSTED DALIYA,,8.90E+12,AHAR,,,,,,66,,,,ROSTEDDALIYA.JPG,,,,,,,,,,,,,
BAKING SODA,,,AJANTA,,,,,,30,,,,BAKINGSODAA.JPG,,,,,,,,,,,,,
VANILA FLAVOURS,,,AJANTA,,,,,,30,,,,VANILAFLAVOURS.JPG,,,,,,,,,,,,,
BAKING POWDER,,,AJANTA,,,,,,24,,,,BAKINGPOWDER.JPG,,,,,,,,,,,,,
ALLOUT MACHINE,,8.91E+12,ALLOUT,,,,,,89,,,,ALLOUTMACHINE.PNG,,,,,,,,,,,,,
ALLOUT LIQUID,,8.91E+12,ALLOUT,,,,,,75,,,,ALLOUTLIQUID.PNG,,,,,,,,,,,,,
AMBIPUR AIR PURIFIER,,4.90E+12,AMBIPUR,,,,,,279,,,,AMBIPURAIRPURIFIER.PNG,,,,,,,,,,,,,
FLAVOURED MILK ELAICHI,,8.90E+12,AMUL,,,,,,25,,,,FLAVOUREDMILKELAICHI.PNG,,,,,,,,,,,,,
GHEE,,8.90E+12,AMUL,,,,,,500,,,,GHEE.PNG,,,,,,,,,,,,,
AMULSPRAY INFANT FOOD,,8.90E+12,AMUL,,,,,,395,,,,AMULSPRAYINFANTFOOD,,,,,,,,,,,,,
FLAVOURED MILK KESAR,,8.90E+12,ANANDA,,,,,,30,,,,FLAVOUREDMILKKESAR.JPG,,,,,,,,,,,,,
FLAVOURED MILK ELAICHI,,8.90E+12,ANANDA,,,,,,30,,,,FLAVOUREDMILKELAICHI.JPG,,,,,,,,,,,,,
FLAVOURED MILK BUTTERSCOTCH,,8.90E+12,ANANDA,,,,,,30,,,,FLAVOUREDMILKBUTTERSCOTCH.JPG/.JPEG,,,,,,,,,,,,,
ARIEL LIQUID MATIC,,4.90E+12,ARIEL,,,,,,230,,,,ARIELLIQUIDMATIC.JPG/.JPEG,,,,,,,,,,,,,
ATTA MULTIGRAIN 5KGS,,8.90E+12,ASHIRVAD,,,,,,295,,,,ATTAMULTIGRAIN5KGS.JPG/.JPEG,,,,,,,,,,,,,
ATTA SELECT 5KGS,,8.90E+12,ASHIRVAD,,,,,,295,,,,ATTASELECT5KGS.JPG/.JPEG,,,,,,,,,,,,,
QUINOA ORGANIC,,8.90E+12,BAGRRY'S,,,,,,375,,,,QUINOAORGANIC.JPG/.JPEG,,,,,,,,,,,,,
CRUNCHY MUSESLI,,8.90E+12,BAGRRY'S,,,,,,320,,,,CRUNCHYMUSESLI.JPG/.JPEG,,,,,,,,,,,,,
CM CRANBERRIES,,8.90E+12,BAGRRY'S,,,,,,320,,,,CMCRANBERRIES.JPG/.JPEG,,,,,,,,,,,,,
MIX FRUIT MUESLI,,8.90E+12,BAGRRY'S,,,,,,320,,,,MIXFRUITMUESLI.JPG/.JPEG,,,,,,,,,,,,,
NAS CR. MUESLI,,8.90E+12,BAGRRY'S,,,,,,320,,,,NASCR.MUESLI.JPG/.JPEG,,,,,,,,,,,,,
HEALTHY CRUNCH,,8.90E+12,BAGRRY'S,,,,,,320,,,,HEALTHYCRUNCH.JPG/.JPEG,,,,,,,,,,,,,
PROTEIN MUESLI,,8.90E+12,BAGRRY'S,,,,,,399,,,,PROTEINMUESLI.JPG/.JPEG,,,,,,,,,,,,,
CORN FLAKES,,8.90E+12,BAGRRY'S,,,,,,330,,,,CORNFLAKES.JPG/.JPEG,,,,,,,,,,,,,
WHITE OATS,,8.90E+12,BAGRRY'S,,,,,,99,,,,WHITEOATS.JPG/.JPEG,,,,,,,,,,,,,
WHEAT FLAKES,,8.90E+12,BAGRRY'S,,,,,,195,,,,WHEATFLAKES.JPG/.JPEG,,,,,,,,,,,,,
VERMICELLI,,8.90E+12,BAMBINO,,,,,,45,,,,VERMICELLI.JPG/.JPEG,,,,,,,,,,,,,
BAYGON MOSQUITO KILLER,,8.90E+12,BAYGON,,,,,,266,,,,BAYGONMOSQUITOKILLER.JPG/.JPEG,,,,,,,,,,,,,
BAYGON MOSQUITO KILLER,,8.90E+12,BAYGON,,,,,,98,,,,BAYGONMOSQUITOKILLER.JPG/.JPEG,,,,,,,,,,,,,
BESON LIGHTS,,,BENSON & HEDGES,,,,,,320,,,,BESONLIGHTS.JPG/.JPEG,,,,,,,,,,,,,
BISLERI 250 ML,,8.91E+12,BISLERI,,,,,,6,,,,BISLERIBISLERI 250ML.JPG/.JPEG,,,,,,,,,,,,,
BISLERI 1L,,8.91E+12,BISLERI,,,,,,20,,,,BISLERIL.JPG/.JPEG,,,,,,,,,,,,,
MINERAL WATER,,8.91E+12,BISLERI,,,,,,6,,,,MINERALWATER.JPG/.JPEG,,,,,,,,,,,,,
BOROLINE ANTISEPTIC CREAM,,8.90E+12,BOROLINE,,,,,,38,,,,BOROLINEANTISEPTICCREAM.JPG/.JPEG,,,,,,,,,,,,,
BOROLINE NIGHT REPAIR CREAM,,8.90E+12,BOROLINE,,,,,,70,,,,BOROLINENIGHTREPAIRCREAM.JPG/.JPEG,,,,,,,,,,,,,
50-50,,8.90E+12,BRITANNIA,,,,,,10,,,,.JPG/.JPEG,,,,,,,,,,,,,
NUTRI CHOICE,,8.90E+12,BRITANNIA,,,,,,20,,,,NUTRICHOICE.JPG/.JPEG,,,,,,,,,,,,,
MARI GOLD,,8.90E+12,BRITANNIA,,,,,,30,,,,MARIGOLD.JPG/.JPEG,,,,,,,,,,,,,
GOOD DAY,,8.90E+12,BRITANNIA,,,,,,30,,,,GOODDAY.JPG/.JPEG,,,,,,,,,,,,,
HIDE & SEEK,,,BRITANNIA,,,,,,30,,,,HIDE&SEEK.JPG/.JPEG,,,,,,,,,,,,,
JIM JAM,,,BRITANNIA,,,,,,35,,,,JIMJAM.JPG/.JPEG,,,,,,,,,,,,,
BOURBON,,8.90E+12,BRITANNIA,,,,,,30,,,,BOURBON.JPG/.JPEG,,,,,,,,,,,,,
NUTRI CHOICE DIGESTIVE,,,BRITANNIA,,,,,,55,,,,NUTRICHOICEDIGESTIVE.JPG/.JPEG,,,,,,,,,,,,,
NUTRI CHOICE DIGESTIVE,,,BRITANNIA,,,,,,20,,,,NUTRICHOICEDIGESTIVE.JPG/.JPEG,,,,,,,,,,,,,
RED LABEL,,8.90E+12,BROOKE BOND,,,,,,210,,,,REDLABEL.JPG/.JPEG,,,,,,,,,,,,,
RED LABEL,,8.90E+12,BROOKE BOND,,,,,,390,,,,REDLABEL.JPG/.JPEG,,,,,,,,,,,,,
RED LABEL TEA,,8.90E+12,BROOKE BOND,,,,,,410,,,,REDLABELTEA.JPG/.JPEG,,,,,,,,,,,,,
RED LABEL TEA,,8.90E+12,BROOKE BOND,,,,,,110,,,,REDLABELTEA.JPG/.JPEG,,,,,,,,,,,,,
RED LABEL TEA,,8.90E+12,BROOKE BOND,,,,,,215,,,,REDLABELTEA.JPG/.JPEG,,,,,,,,,,,,,
RED LABEL TEA,,8.90E+12,BROOKE BOND,,,,,,140,,,,REDLABELTEA.JPG/.JPEG,,,,,,,,,,,,,
RED LABEL TEA NATURAL CARE,,8.90E+12,BROOKE BOND,,,,,,270,,,,REDLABELTEANATURALCARE.JPG/.JPEG,,,,,,,,,,,,,
CUSTARD POWDER,,8.90E+12,BROWN & POLSON,,,,,,35,,,,CUSTARDPOWDER.JPG/.JPEG,,,,,,,,,,,,,
CORNFLOUR,,8.90E+12,BROWN & POLSON,,,,,,25,,,,CORNFLOUR.JPG/.JPEG,,,,,,,,,,,,,
CORNFLOUR,,8.90E+12,BROWN & POLSON,,,,,,77,,,,CORNFLOUR.JPG/.JPEG,,,,,,,,,,,,,
COFFEE,,8.90E+12,BRU,,,,,,10,,,,COFFEE.JPG/.JPEG,,,,,,,,,,,,,
COFFEE,,8.90E+12,BRU,,,,,,2,,,,COFFEE2.JPG/.JPEG,,,,,,,,,,,,,
BOURNVITA,,8.90E+12,CADBURY,,,,,,223,,,,BOURNVITA.JPG/.JPEG,,,,,,,,,,,,,
BOURNVITA BOTTLE,,7.62E+12,CADBURY,,,,,,410,,,,BOURNVITABOTTLE.JPG/.JPEG,,,,,,,,,,,,,
BOURNVITA BOTTLE,,7.62E+12,CADBURY,,,,,,223,,,,BOURNVITABOTTLE.JPG/.JPEG,,,,,,,,,,,,,
BOURNVITA BOTTLE,,7.62E+12,CADBURY,,,,,,110,,,,BOURNVITABOTTLE.JPG/.JPEG,,,,,,,,,,,,,
BOURNVITA POUCH,,7.62E+12,CADBURY,,,,,,302,,,,BOURNVITAPOUCH.JPG/.JPEG,,,,,,,,,,,,,
BOURNVITA POUCH,,7.62E+12,CADBURY,,,,,,209,,,,BOURNVITAPOUCH.JPG/.JPEG,,,,,,,,,,,,,
HING,,,CATCH,,,,,,40,,,,HING.JPG/.JPEG,,,,,,,,,,,,,
DRY GINGER POWDER,,,CATCH,,,,,,68,,,,DRYGINGERPOWDER.JPG/.JPEG,,,,,,,,,,,,,
SODA,,8.91E+12,CATCH,,,,,,25,,,,SODA.JPG/.JPEG,,,,,,,,,,,,,
BLACK CURRENT SODA,,8.91E+12,CATCH,,,,,,50,,,,BLACKCURRENTSODA.JPG/.JPEG,,,,,,,,,,,,,
SHOW POLISH BLACK,,8.90E+12,CHERRY,,,,,,59,,,,SHOWPOLISHBLACK.JPG/.JPEG,,,,,,,,,,,,,
SHOW POLISH DARK TAN,,8.90E+12,CHERRY,,,,,,59,,,,SHOWPOLISHDARKTAN.JPG/.JPEG,,,,,,,,,,,,,
SHOE POLISH LIQUID DARK TAN,,8.90E+12,CHERRY,,,,,,85,,,,SHOEPOLISHLIQUIDDARKTAN.JPG/.JPEG,,,,,,,,,,,,,
SHOE POLISH LIQUID BLACK,,8.90E+12,CHERRY,,,,,,85,,,,SHOEPOLISHLIQUIDBLACK.JPG/.JPEG,,,,,,,,,,,,,
VEG HAKKA NOODLES,,8.90E+12,CHINGS,,,,,,30,,,,VEGHAKKANOODLES.JPG/.JPEG,,,,,,,,,,,,,
TOILET ROLL 3 PLY,,8.91E+12,CLARET,,,,,,360,,,,TOILETROLLPLY.JPG/.JPEG,,,,,,,,,,,,,
TISSUE PAPER 2 PLY,,8.91E+12,CLARET,,,,,,55,,,,TISSUEPAPERPLY.JPG/.JPEG,,,,,,,,,,,,,
REGULAR,,,CLASSIC,,,,,,330,,,,REGULAR.JPG/.JPEG,,,,,,,,,,,,,
MILD,,,CLASSIC,,,,,,330,,,,MILD.JPG/.JPEG,,,,,,,,,,,,,
ULTRA MILD,,,CLASSIC,,,,,,330,,,,ULTRAMILD.JPG/.JPEG,,,,,,,,,,,,,
BIG GOLDFLAKE,,,CLASSIC,,,,,,165,,,,BIGGOLDFLAKE.JPG/.JPEG,,,,,,,,,,,,,
TOOTHPASTE,,8.90E+12,CLOSEUP,,,,,,85,,,,TOOTHPASTE.JPG/.JPEG,,,,,,,,,,,,,
COCO-COLA,,,COCA COLA,,,,,,40,,,,COCOCOLA.JPG/.JPEG,,,,,,,,,,,,,
LIMCA,,,COCA COLA,,,,,,40,,,,LIMCA.JPG/.JPEG,,,,,,,,,,,,,
THUMS UP,,8.90E+12,COCA COLA,,,,,,40,,,,THUMSUP.JPG/.JPEG,,,,,,,,,,,,,
SPRITE,,8.90E+12,COCA COLA,,,,,,40,,,,SPRITE.JPG/.JPEG,,,,,,,,,,,,,
COKE 250ML,,,COCA COLA,,,,,,20,,,,COKEML.JPG/.JPEG,,,,,,,,,,,,,
SPRITE 250ML,,8.90E+12,COCA COLA,,,,,,20,,,,SPRITEML.JPG/.JPEG,,,,,,,,,,,,,
COKE 1.25L,,8.90E+12,COCA COLA,,,,,,65,,,,COKEL.JPG/.JPEG,,,,,,,,,,,,,
LIMCA 1.25L,,8.90E+12,COCA COLA,,,,,,65,,,,LIMCAL.JPG/.JPEG,,,,,,,,,,,,,
COKE,,,COCA COLA,,,,,,40,,,,COKE.JPG/.JPEG,,,,,,,,,,,,,
THUMSUP,,,COCA COLA,,,,,,20,,,,THUMSUP.JPG/.JPEG,,,,,,,,,,,,,
DIET COKE,,8.90E+12,COCA COLA,,,,,,35,,,,DIETCOKE.JPG/.JPEG,,,,,,,,,,,,,
PULPY ORANGE,,8.90E+12,COCA COLA,,,,,,20,,,,PULPYORANGE.JPG/.JPEG,,,,,,,,,,,,,
ZIG-ZAG BRUSH,,8.90E+12,COLGATE,,,,,,30,,,,ZIGZAGBRUSH.JPG/.JPEG,,,,,,,,,,,,,
TOOTHPASTE,,8.90E+12,COLGATE,,,,,,95,,,,TOOTHPASTEC.PNG,,,,,,,,,,,,,
TOOTHPASTE,,8.90E+12,COLGATE,,,,,,52,,,,TOOTHPASTEC.PNG,,,,,,,,,,,,,
TOOTHPASTE,,,COLGATE,,,,,,10,,,,TOOTHPASTEC.PNG,,,,,,,,,,,,,
PALMOLIVE LIQUID HAND WASH,,8.90E+12,COLGATE -PALMOLIVE,,,,,,99,,,,PALMOLIVELIQUIDHANDWASH.JPG/.JPEG,,,,,,,,,,,,,
COLGATE PLAX MOUTH WASH,,8.90E+12,COLGATE -PALMOLIVE,,,,,,120,,,,COLGATEPLAXMOUTHWASH.JPG/.JPEG,,,,,,,,,,,,,
COLGATE TOOTHPASTE JUMBO,,8.90E+12,COLGATE -PALMOLIVE,,,,,,217,,,,COLGATETOOTHPASTEJUMBO.JPG/.JPEG,,,,,,,,,,,,,
COLGATE TOOTHPASTE 200+100+BRUSH,,8.90E+12,COLGATE -PALMOLIVE,,,,,,147,,,,COLGATETOOTHPASTEBRUSH.JPG/.JPEG,,,,,,,,,,,,,
COLGATE MAXFRESH SPICY FRESH TOOTHPASTE,,8.90E+12,COLGATE -PALMOLIVE,,,,,,164,,,,COLGATEMAXFRESHSPICYFRESHTOOTHPASTE.JPG/.JPEG,,,,,,,,,,,,,
COLGATE MAXFRESH PEPPERMINT TOOTHPASTE,,8.90E+12,COLGATE -PALMOLIVE,,,,,,164,,,,COLGATEMAXFRESHPEPPERMINTTOOTHPASTE.JPG/.JPEG,,,,,,,,,,,,,
COLGATE HERBAL TOOTHPASTE ,,8.90E+12,COLGATE -PALMOLIVE,,,,,,100,,,,COLGATEHERBALTOOTHPASTE.JPG/.JPEG,,,,,,,,,,,,,
COLGATE ACTIVE SALT NEEM TOOTHPASTE,,8.90E+12,COLGATE -PALMOLIVE,,,,,,100,,,,COLGATEACTIVESALTNEEMTOOTHPASTE.JPG/.JPEG,,,,,,,,,,,,,
COLGATE ACTIVE SALT TOOTHPASTE,,8.90E+12,COLGATE -PALMOLIVE,,,,,,100,,,,COLGATEACTIVESALTTOOTHPASTE.JPG/.JPEG,,,,,,,,,,,,,
COLGATE ACTIVE SALT TOOTHPASTE,,8.90E+12,COLGATE -PALMOLIVE,,,,,,55,,,,COLGATEACTIVESALTTOOTHPASTE.JPG/.JPEG,,,,,,,,,,,,,
COLGATE CHARCOAL CLEAN TOOTHPASTE,,8.90E+12,COLGATE -PALMOLIVE,,,,,,99,,,,COLGATECHARCOALCLEANTOOTHPASTE.JPG/.JPEG,,,,,,,,,,,,,
COLGATE VISIBLE WHITE TOOTHPASTE,,8.90E+12,COLGATE -PALMOLIVE,,,,,,99,,,,COLGATEVISIBLEWHITETOOTHPASTE.JPG/.JPEG,,,,,,,,,,,,,
COLGATE CIBACA TOOTHPASTE,,8.90E+12,COLGATE -PALMOLIVE,,,,,,55,,,,COLGATECIBACATOOTHPASTE.JPG/.JPEG,,,,,,,,,,,,,
COLGATE CIBACA VEDSHAKTI TOOTHPASTE,,8.90E+12,COLGATE -PALMOLIVE,,,,,,50,,,,COLGATECIBACAVEDSHAKTITOOTHPASTE.JPG/.JPEG,,,,,,,,,,,,,
COLGATE MAXFRESH SPICY FRESH TOOTHPASTE,,8.90E+12,COLGATE -PALMOLIVE,,,,,,92,,,,COLGATEMAXFRESHSPICYFRESHTOOTHPASTE.JPG/.JPEG,,,,,,,,,,,,,
COLGATE MAXFRESH PEPPERMINT TOOTHPASTE,,8.90E+12,COLGATE -PALMOLIVE,,,,,,92,,,,COLGATEMAXFRESHPEPPERMINTTOOTHPASTE.JPG/.JPEG,,,,,,,,,,,,,
COLGATE SWARNA VEDSHAKTI TOOTHPASTE,,8.90E+12,COLGATE -PALMOLIVE,,,,,,52,,,,COLGATESWARNAVEDSHAKTITOOTHPASTE.JPG/.JPEG,,,,,,,,,,,,,
COLGATE KIDS TOOTHPASTE,,8.90E+12,COLGATE -PALMOLIVE,,,,,,90,,,,COLGATEKIDSTOOTHPASTE.JPG/.JPEG,,,,,,,,,,,,,
COLGATE AMINO SHAKTI TOOTHPASTE,,8.90E+12,COLGATE -PALMOLIVE,,,,,,95,,,,COLGATEAMINOSHAKTITOOTHPASTE.PNG,,,,,,,,,,,,,
COLGATE AMINO SHAKTI TOOTHPASTE,,8.90E+12,COLGATE -PALMOLIVE,,,,,,52,,,,COLGATEAMINOSHAKTITOOTHPASTE.PNG,,,,,,,,,,,,,
COLIN,,8.90E+12,COLIN,,,,,,89,,,,COLIN.JPG/.JPEG,,,,,,,,,,,,,
COLIN,,8.90E+12,COLIN,,,,,,58,,,,COLIN.JPG/.JPEG,,,,,,,,,,,,,
HONEY,,8.90E+12,DABUR,,,,,,62,,,,HONEY.JPG/.JPEG,,,,,,,,,,,,,
HONEY,,8.90E+12,DABUR,,,,,,99,,,,HONEY.JPG/.JPEG,,,,,,,,,,,,,
HONEY,,8.90E+12,DABUR,,,,,,199,,,,HONEY.JPG/.JPEG,,,,,,,,,,,,,
GULAB JAL,,89005583,DABUR,,,,,,28,,,,GULABJAL.JPG/.JPEG,,,,,,,,,,,,,
CHAVANPRASH,,8.90E+12,DABUR,,,,,,180,,,,CHAVANPRASH.JPG/.JPEG,,,,,,,,,,,,,
ODOMOS MOSQUITO REPELLENT,,8.90E+12,DABUR,,,,,,90,,,,ODOMOSMOSQUITOREPELLENT.JPG/.JPEG,,,,,,,,,,,,,
ODOMOS MOSQUITO REPELLENT,,8.90E+12,DABUR,,,,,,50,,,,ODOMOSMOSQUITOREPELLENT.JPG/.JPEG,,,,,,,,,,,,,
GULABARI GULAB JAL,,89005590,DABUR,,,,,,45,,,,GULABARIGULABJAL.JPG/.JPEG,,,,,,,,,,,,,
GULABARI GULAB JAL,,89005606,DABUR,,,,,,75,,,,GULABARIGULABJAL.JPG/.JPEG,,,,,,,,,,,,,
DABUR MESWAK TOOTHPASTE,,8.90E+12,DABUR,,,,,,97,,,,DABURMESWAKTOOTHPASTE.JPG/.JPEG,,,,,,,,,,,,,
DABUR RED TOOTHPASTE,,8.90E+12,DABUR,,,,,,52,,,,DABURREDTOOTHPASTE.JPG/.JPEG,,,,,,,,,,,,,
DABUR RED TOOTHPASTE,,8.90E+12,DABUR,,,,,,95,,,,DABURREDTOOTHPASTE.JPG/.JPEG,,,,,,,,,,,,,
HONEY,,8.90E+12,DABUR,,,,,,62,,,,HONEY.JPG/.JPEG,,,,,,,,,,,,,
HONEY,,8.90E+12,DABUR,,,,,,395,,,,HONEY.JPG/.JPEG,,,,,,,,,,,,,
HONEY,,8.90E+12,DABUR,,,,,,199,,,,HONEY.JPG/.JPEG,,,,,,,,,,,,,
HONEY,,8.90E+12,DABUR,,,,,,99,,,,HONEY.JPG/.JPEG,,,,,,,,,,,,,
HONEY SQUEEZY,,8.90E+12,DABUR,,,,,,160,,,,HONEYSQUEEZY.JPG/.JPEG,,,,,,,,,,,,,
HAJMOLA,,8.90E+12,DABUR,,,,,,40,,,,HAJMOLA.JPG/.JPEG,,,,,,,,,,,,,
5 STAR CHOCLATE,,8.90E+12,DABUR,,,,,,10,,,,5 STARSTARCHOCLATE.JPG/.JPEG,,,,,,,,,,,,,
CHAWANPRASH,,8.90E+12,DABUR,,,,,,180,,,,CHAWANPRASH.JPG/.JPEG,,,,,,,,,,,,,
CHAWANPRASH,,8.90E+12,DABUR,,,,,,325,,,,CHAWANPRASH.JPG/.JPEG,,,,,,,,,,,,,
CHAWANPRASH SUGARFREE,,8.90E+12,DABUR,,,,,,210,,,,CHAWANPRASHSUGARFREE.JPG/.JPEG,,,,,,,,,,,,,
CHAWANPRASH SUGARFREE,,8.90E+12,DABUR,,,,,,370,,,,CHAWANPRASHSUGARFREE.JPG/.JPEG,,,,,,,,,,,,,
ROZANA BASMATI RICE,,8.90E+12,DAWAT,,,,,,99,,,,ROZANABASMATIRICE.JPG/.JPEG,,,,,,,,,,,,,
OLIVE OIL,,8.90E+12,DEL MONTE,,,,,,850,,,,OLIVEOIL.JPG/.JPEG,,,,,,,,,,,,,
HANDWASH,,8.90E+12,DETTOL,,,,,,99,,,,HANDWASH.JPG/.JPEG,,,,,,,,,,,,,
DETTOL,,8.90E+12,DETTOL,,,,,,99,,,,DETTOL.JPG/.JPEG,,,,,,,,,,,,,
DHAMPUR SUGAR,,8.90E+12,DHAMPUR,,,,,,65,,,,DHAMPURSUGAR.JPG/.JPEG,,,,,,,,,,,,,
DHAMPUR GREEN SUGAR,,8.90E+12,DHAMPUR,,,,,,80,,,,DHAMPURGREENSUGAR.JPG/.JPEG,,,,,,,,,,,,,
CLEANZO WHITE PHENYL,,8.91E+12,DIVYA SOAPS,,,,,,250,,,,CLEANZOWHITEPHENYL.JPG/.JPEG,,,,,,,,,,,,,
SHAMPOO,,8.90E+12,DOVE,,,,,,110,,,,SHAMPOO.JPG/.JPEG,,,,,,,,,,,,,
SHAMPOO,,8.90E+12,DOVE,,,,,,230,,,,SHAMPOO.JPG/.JPEG,,,,,,,,,,,,,
NAVRATAN COOL BLAST POWDER,,8.90E+12,EMAMI,,,,,,86,,,,NAVRATANCOOLBLASTPOWDER.JPG/.JPEG,,,,,,,,,,,,,
BOROPLUS ANITSEPTIC CREAM,,8.90E+12,EMAMI,,,,,,150,,,,BOROPLUSANITSEPTICCREAM.JPG/.JPEG,,,,,,,,,,,,,
BOROPLUS ANITSEPTIC CREAM,,8.90E+12,EMAMI,,,,,,115,,,,BOROPLUSANITSEPTICCREAM.JPG/.JPEG,,,,,,,,,,,,,
BOROPLUS ANITSEPTIC CREAM,,8.90E+12,EMAMI,,,,,,38,,,,BOROPLUSANITSEPTICCREAM.JPG/.JPEG,,,,,,,,,,,,,
BOROPLUS ANITSEPTIC CREAM,,8.90E+12,EMAMI,,,,,,70,,,,BOROPLUSANITSEPTICCREAM.JPG/.JPEG,,,,,,,,,,,,,
ZANDU PAIN RELIEF BALM,,8.90E+12,EMAMI,,,,,,37,,,,ZANDUPAINRELIEFBALM.JPG/.JPEG,,,,,,,,,,,,,
ZANDU ULTRA POWER PAIN RELIEF,,8.90E+12,EMAMI,,,,,,42,,,,ZANDUULTRAPOWERPAINRELIEF.JPG/.JPEG,,,,,,,,,,,,,
ENO LEMON FLAVOUR (BOTTLE),,8.90E+12,ENO,,,,,,120,,,,ENOLEMONFLAVOURBOTTLE.JPG/.JPEG,,,,,,,,,,,,,
ENO LEMON FLAVOUR (SACHET),,8.90E+12,ENO,,,,,,8,,,,ENOLEMONFLAVOURSACHET.JPG/.JPEG,,,,,,,,,,,,,
SABJI MASALA,,8.90E+12,EVEREST,,,,,,54,,,,SABJIMASALA.JPG/.JPEG,,,,,,,,,,,,,
SABJI MASALA,,8.90E+12,EVEREST,,,,,,29,,,,SABJIMASALA.JPG/.JPEG,,,,,,,,,,,,,
FAIR & LOVELY,,8.90E+12,FAIR & LOVELY,,,,,,54,,,,FAIR&LOVELY.JPG/.JPEG,,,,,,,,,,,,,
FAIR & LOVELY,,8.90E+12,FAIR & LOVELY,,,,,,102,,,,FAIR&LOVELY.JPG/.JPEG,,,,,,,,,,,,,
TISSUE PAPER 1 PLY,,,FLORIA,,,,,,56,,,,TISSUEPAPERPLY.JPG/.JPEG,,,,,,,,,,,,,
MUSTARD OIL 1LTRS,,8.91E+12,FORTUNE,,,,,,181,,,,MUSTARDOIL1LTRS.JPG/.JPEG,,,,,,,,,,,,,
SOYA OIL 1LTRS,,8.91E+12,FORTUNE,,,,,,130,,,,SOYAOIL1LTRS.JPG/.JPEG,,,,,,,,,,,,,
SUNFLOWER OIL 1LTRS,,8.91E+12,FORTUNE,,,,,,142,,,,SUNFLOWEROIL1LTRS.JPG/.JPEG,,,,,,,,,,,,,
JUMBO BASMATI RICE,,8.91E+12,GALAXY,,,,,,180,,,,JUMBOBASMATIRICE.JPG/.JPEG,,,,,,,,,,,,,
DISPOSABLE GLASS WATER,,,GANPATI PLASTICS,,,,,,5,,,,DISPOSABLEGLASSWATER.JPG/.JPEG,,,,,,,,,,,,,
SENSODYNE RAPID RELIEF TOOTHPASTE,,8.90E+12,GLOBAL HEALTHCARE,,,,,,90,,,,SENSODYNERAPIDRELIEFTOOTHPASTE.JPG/.JPEG,,,,,,,,,,,,,
SENSODYNE FRESH GEL TOOTHPASTE,,8.90E+12,GLOBAL HEALTHCARE,,,,,,110,,,,SENSODYNEFRESHGELTOOTHPASTE.JPG/.JPEG,,,,,,,,,,,,,
SENSODYNE FRESH MINT TOOTHPASTE,,8.90E+12,GLOBAL HEALTHCARE,,,,,,110,,,,SENSODYNEFRESHMINTTOOTHPASTE.JPG/.JPEG,,,,,,,,,,,,,
EZEE,,8.90E+12,GODREJ,,,,,,49,,,,EZEE.JPG/.JPEG,,,,,,,,,,,,,
AER POCKET BATHROOM FRESHNER,,8.90E+12,GODREJ,,,,,,55,,,,AERPOCKETBATHROOMFRESHNER.JPG/.JPEG,,,,,,,,,,,,,
EZEE LIQUID 2 IN 1,,8.90E+12,GODREJ,,,,,,230,,,,EZEELIQUIDIN.JPG/.JPEG,,,,,,,,,,,,,
EZEE LIQUID WINTER AND CHIFFON,,8.90E+12,GODREJ,,,,,,90,,,,EZEELIQUIDWINTERANDCHIFFON.JPG/.JPEG,,,,,,,,,,,,,
EZEE LIQUID WINTER AND CHIFFON,,8.90E+12,GODREJ,,,,,,49,,,,EZEELIQUIDWINTERANDCHIFFON.JPG/.JPEG,,,,,,,,,,,,,
GOODNIGHT ACTIVE COIL,,8.90E+12,GODREJ,,,,,,34,,,,GOODNIGHTACTIVECOIL.JPG/.JPEG,,,,,,,,,,,,,
AER ROOM FRESHNER,,8.90E+12,GODREJ,,,,,,149,,,,AERROOMFRESHNER.JPG/.JPEG,,,,,,,,,,,,,
AER ROOM FRESHNER,,8.90E+12,GODREJ,,,,,,149,,,,AERROOMFRESHNER.JPG/.JPEG,,,,,,,,,,,,,
AER ROOM FRESHNER,,8.90E+12,GODREJ,,,,,,149,,,,AERROOMFRESHNER.JPG/.JPEG,,,,,,,,,,,,,
NO. 1 BATH SOAP,,8.90E+12,GODREJ,,,,,,72,,,,NOBATHSOAP.JPG/.JPEG,,,,,,,,,,,,,
FAIRGLOW BATH SOAP,,8.90E+12,GODREJ,,,,,,88,,,,FAIRGLOWBATHSOAP.JPG/.JPEG,,,,,,,,,,,,,
CINTHOL BATH SOAP LIME,,8.90E+12,GODREJ,,,,,,124,,,,CINTHOLBATHSOAPLIME.JPG/.JPEG,,,,,,,,,,,,,
CINTHOL BATH SOAP COOL,,8.90E+12,GODREJ,,,,,,99,,,,CINTHOLBATHSOAPCOOL.JPG/.JPEG,,,,,,,,,,,,,
PROTEKT HANDWASH BLUE,,8.90E+12,GODREJ,,,,,,115,,,,PROTEKTHANDWASHBLUE.JPG/.JPEG,,,,,,,,,,,,,
PROTEKT HANDWASH GREEN,,8.90E+12,GODREJ,,,,,,115,,,,PROTEKTHANDWASHGREEN.JPG/.JPEG,,,,,,,,,,,,,
GOODNIGHT MACHINE,,8.90E+12,GOODNIGHT,,,,,,89,,,,GOODNIGHTMACHINE.JPG/.JPEG,,,,,,,,,,,,,
GOODNIGHT LIQUID,,8.90E+12,GOODNIGHT,,,,,,89,,,,GOODNIGHTLIQUID.JPG/.JPEG,,,,,,,,,,,,,
GAINDA PHENYL BLACK,,8.91E+12,GRAND CHEMICAL WORKS,,,,,,350,,,,GAINDAPHENYLBLACK.JPG/.JPEG,,,,,,,,,,,,,
SUGAR,,8.08E+11,GREENS,,,,,,60,,,,SUGAR.JPG/.JPEG,,,,,,,,,,,,,
JEERA,,,GREENS,,,,,,38,,,,JEERA.JPG/.JPEG,,,,,,,,,,,,,
DAL CHINI,,8.91E+12,GREENS,,,,,,50,,,,DALCHINI.JPG/.JPEG,,,,,,,,,,,,,
AJWAIN,,8.91E+12,GREENS,,,,,,48,,,,AJWAIN.JPG/.JPEG,,,,,,,,,,,,,
BLACK PEPPER,,,GREENS,,,,,,98,,,,BLACKPEPPER.JPG/.JPEG,,,,,,,,,,,,,
MUSTARD SEEDS,,,GREENS,,,,,,26,,,,MUSTARDSEEDS.JPG/.JPEG,,,,,,,,,,,,,
CLOVES,,,GREENS,,,,,,80,,,,CLOVES.JPG/.JPEG,,,,,,,,,,,,,
CLOVES,,8.91E+12,GREENS,,,,,,85,,,,CLOVES.JPG/.JPEG,,,,,,,,,,,,,
DHANIYA SABUT,,8.91E+12,GREENS,,,,,,90,,,,DHANIYASABUT.JPG/.JPEG,,,,,,,,,,,,,
MEETHI,,,GREENS,,,,,,30,,,,MEETHI.JPG/.JPEG,,,,,,,,,,,,,
MEETHI,,,GREENS,,,,,,28,,,,MEETHI.JPG/.JPEG,,,,,,,,,,,,,
RAI,,,GREENS,,,,,,50,,,,RAI.JPG/.JPEG,,,,,,,,,,,,,
CARDAMOM,,,GREENS,,,,,,90,,,,CARDAMOM.JPG/.JPEG,,,,,,,,,,,,,
SHAKKAR,,8.91E+12,GREENS,,,,,,55,,,,SHAKKAR.JPG/.JPEG,,,,,,,,,,,,,
HORLICS,,8.90E+12,GSK,,,,,,242,,,,HORLICS.JPG/.JPEG,,,,,,,,,,,,,
HORLICKS CLASSIC MALT TETRA,,8.90E+12,GSK,,,,,,229,,,,HORLICKSCLASSICMALTTETRA.JPG/.JPEG,,,,,,,,,,,,,
HORLICKS CLASSIC MALT BOTTLE,,8.90E+12,GSK,,,,,,242,,,,HORLICKSCLASSICMALTBOTTLE.JPG/.JPEG,,,,,,,,,,,,,
HORLICKS CLASSIC MALT BOTTLE,,8.90E+12,GSK,,,,,,454,,,,HORLICKSCLASSICMALTBOTTLE.JPG/.JPEG,,,,,,,,,,,,,
HORLICKS JUNIOR,,8.90E+12,GSK,,,,,,209,,,,HORLICKSJUNIOR.JPG/.JPEG,,,,,,,,,,,,,
HORLICK CHOCOLATE,,8.90E+12,GSK,,,,,,190,,,,HORLICKCHOCOLATE.JPG/.JPEG,,,,,,,,,,,,,
HORLICKS MOTHER'S,,8.90E+12,GSK,,,,,,525,,,,HORLICKSMOTHER'S.JPG/.JPEG,,,,,,,,,,,,,
BOOST,,8.90E+12,GSK,,,,,,247,,,,BOOST.JPG/.JPEG,,,,,,,,,,,,,
PAPAD,,8.90E+12,HALDIRAM,,,,,,52,,,,PAPAD.JPG/.JPEG,,,,,,,,,,,,,
NUT CRACKER,,8.90E+12,HALDIRAM,,,,,,45,,,,NUTCRACKER.JPG/.JPEG,,,,,,,,,,,,,
SALTED PEANUT,,8.90E+12,HALDIRAM,,,,,,46,,,,SALTEDPEANUT.JPG/.JPEG,,,,,,,,,,,,,
ALL-IN-ONE,,8.90E+12,HALDIRAM,,,,,,46,,,,ALLINONE.JPG/.JPEG,,,,,,,,,,,,,
BHUJIA,,8.90E+12,HALDIRAM,,,,,,46,,,,BHUJIA.JPG/.JPEG,,,,,,,,,,,,,
LITE MIXTURE,,,HALDIRAM,,,,,,30,,,,LITEMIXTURE.JPG/.JPEG,,,,,,,,,,,,,
CHIWDA,,,HALDIRAM,,,,,,30,,,,CHIWDA.JPG/.JPEG,,,,,,,,,,,,,
BOONDI,,8.90E+12,HALDIRAM,,,,,,44,,,,BOONDI.JPG/.JPEG,,,,,,,,,,,,,
ROO-A-AFZA,,8.90E+12,HAMDARD,,,,,,150,,,,ROOAAFZA.JPG/.JPEG,,,,,,,,,,,,,
BANDAID,,,HANSAPLAST,,,,,,2,,,,BANDAID.JPG/.JPEG,,,,,,,,,,,,,
DHOOP,,,HARIDARSHAN,,,,,,15,,,,DHOOP.JPG/.JPEG,,,,,,,,,,,,,
HARPIC TOILET CLEANER,,8.90E+12,HARPIC,,,,,,86,,,,HARPICTOILETCLEANER.JPG/.JPEG,,,,,,,,,,,,,
HARPIC TOILET CLEANER,,8.90E+12,HARPIC,,,,,,168,,,,HARPICTOILETCLEANER.JPG/.JPEG,,,,,,,,,,,,,
HARPIC BATHROOM CLEANER,,8.90E+12,HARPIC,,,,,,91,,,,HARPICBATHROOMCLEANER.JPG/.JPEG,,,,,,,,,,,,,
SHAMPOO,,,HEAD & SHOULDER,,,,,,150,,,,SHAMPOOH.JPG/.JPEG,,,,,,,,,,,,,
HEINZ TOMATO KETCHUP,,8.91E+12,HEINZ,,,,,,99,,,,HEINZTOMATOKETCHUP.JPG/.JPEG,,,,,,,,,,,,,
HEINZ TOMATO KETCHUP,,8.91E+12,HEINZ,,,,,,165,,,,HEINZTOMATOKETCHUP.JPG/.JPEG,,,,,,,,,,,,,
CHOCOLATE DRINKING,,,HERSHEY,,,,,,200,,,,CHOCOLATEDRINKING.JPG/.JPEG,,,,,,,,,,,,,
HANDWASH REFILL,,8.90E+12,HIMALAYA,,,,,,50,,,,HANDWASHREFILL.JPG/.JPEG,,,,,,,,,,,,,
HIMALAYA ANIT-HAIR FALL SHAMPOO,,8.90E+12,HIMALAYA,,,,,,230,,,,HIMALAYAANITHAIRFALLSHAMPOO.JPG/.JPEG,,,,,,,,,,,,,
HIMALAYA ANIT-HAIR FALL SHAMPOO,,8.90E+12,HIMALAYA,,,,,,130,,,,HIMALAYAANITHAIRFALLSHAMPOO.JPG/.JPEG,,,,,,,,,,,,,
HIMALAYA NEEM FACE WASH,,8.90E+12,HIMALAYA,,,,,,190,,,,HIMALAYANEEMFACEWASH.JPG/.JPEG,,,,,,,,,,,,,
HIMALAYA NEEM FACE WASH,,8.90E+12,HIMALAYA,,,,,,120,,,,HIMALAYANEEMFACEWASH.JPG/.JPEG,,,,,,,,,,,,,
HIMALAYA NEEM FACE WASH,,8.90E+12,HIMALAYA,,,,,,65,,,,HIMALAYANEEMFACEWASH.JPG/.JPEG,,,,,,,,,,,,,
HIMALYA SPARKLING WHITE TOOTHPASTE,,8.90E+12,HIMALAYA,,,,,,90,,,,HIMALYASPARKLINGWHITETOOTHPASTE.JPG/.JPEG,,,,,,,,,,,,,
HIMALYA SPARKLING WHITE TOOTHPASTE,,8.90E+12,HIMALAYA,,,,,,60,,,,HIMALYASPARKLINGWHITETOOTHPASTE.JPG/.JPEG,,,,,,,,,,,,,
HIMALYA COMPLETE CARE TOOTHPASTE,,8.90E+12,HIMALAYA,,,,,,50,,,,HIMALYACOMPLETECARETOOTHPASTE.JPG/.JPEG,,,,,,,,,,,,,
HIMALYA COMPLETE CARE TOOTHPASTE,,8.90E+12,HIMALAYA,,,,,,80,,,,HIMALYACOMPLETECARETOOTHPASTE.JPG/.JPEG,,,,,,,,,,,,,
HIMALYA SENSITIVE TOOTHPASTE,,8.90E+12,HIMALAYA,,,,,,105,,,,HIMALYASENSITIVETOOTHPASTE.JPG/.JPEG,,,,,,,,,,,,,
HIMALAYA GENTLE BABY SOAP,,8.90E+12,HIMALAYA,,,,,,68,,,,HIMALAYAGENTLEBABYSOAP.JPG/.JPEG,,,,,,,,,,,,,
HIMALAYA GENTLE BABY SOAP,,8.90E+12,HIMALAYA,,,,,,48,,,,HIMALAYAGENTLEBABYSOAP.JPG/.JPEG,,,,,,,,,,,,,
HIMALAYA GENTLE BABY SHAMPOO,,8.90E+12,HIMALAYA,,,,,,85,,,,HIMALAYAGENTLEBABYSHAMPOO.JPG/.JPEG,,,,,,,,,,,,,
HIMALAYA GENTLE BABY MASSAGE OIL,,8.90E+12,HIMALAYA,,,,,,100,,,,HIMALAYAGENTLEBABYMASSAGEOIL.JPG/.JPEG,,,,,,,,,,,,,
HIMALAYA GENTLE BABY MASSAGE OIL,,8.90E+12,HIMALAYA,,,,,,175,,,,HIMALAYAGENTLEBABYMASSAGEOIL.JPG/.JPEG,,,,,,,,,,,,,
HIMALAYA GENTLE BABY WASH,,8.90E+12,HIMALAYA,,,,,,145,,,,HIMALAYAGENTLEBABYWASH.JPG/.JPEG,,,,,,,,,,,,,
HIMALAYA GENTLE BABY LOTION,,8.90E+12,HIMALAYA,,,,,,90,,,,HIMALAYAGENTLEBABYLOTION.JPG/.JPEG,,,,,,,,,,,,,
HIMALAYA GENTLE BABY LOTION,,8.90E+12,HIMALAYA,,,,,,155,,,,HIMALAYAGENTLEBABYLOTION.JPG/.JPEG,,,,,,,,,,,,,
HIMALAYA GENTLE BABY SHAMPOO,,8.90E+12,HIMALAYA,,,,,,300,,,,HIMALAYAGENTLEBABYSHAMPOO.JPG/.JPEG,,,,,,,,,,,,,
HIMALAYA GENTLE BABY SHAMPOO,,8.90E+12,HIMALAYA,,,,,,160,,,,HIMALAYAGENTLEBABYSHAMPOO.JPG/.JPEG,,,,,,,,,,,,,
HIMALAYA GENTLE BABY POWDER,,8.90E+12,HIMALAYA,,,,,,70,,,,HIMALAYAGENTLEBABYPOWDER.JPG/.JPEG,,,,,,,,,,,,,
HIMALAYA GENTLE BABY POWDER,,8.90E+12,HIMALAYA,,,,,,130,,,,HIMALAYAGENTLEBABYPOWDER.JPG/.JPEG,,,,,,,,,,,,,
HIMALAYA GENTLE BABY POWDER,,8.90E+12,HIMALAYA,,,,,,200,,,,HIMALAYAGENTLEBABYPOWDER.JPG/.JPEG,,,,,,,,,,,,,
HIMALAYA BABY CREAM,,8.90E+12,HIMALAYA,,,,,,70,,,,HIMALAYABABYCREAM.JPG/.JPEG,,,,,,,,,,,,,
HIMALAYA BABY CREAM,,8.90E+12,HIMALAYA,,,,,,135,,,,HIMALAYABABYCREAM.JPG/.JPEG,,,,,,,,,,,,,
HIMALAYA GENTLE BABY WIPES,,8.90E+12,HIMALAYA,,,,,,318,,,,HIMALAYAGENTLEBABYWIPES.JPG/.JPEG,,,,,,,,,,,,,
MOTTEIN LIQUID,,8.90E+12,HINDUSTAN FOODS,,,,,,72,,,,MOTTEINLIQUID.JPG/.JPEG,,,,,,,,,,,,,
MORTIEN POWER COIL,,8.90E+12,HINDUSTAN FOODS,,,,,,30,,,,MORTIENPOWERCOIL.JPG/.JPEG,,,,,,,,,,,,,
LAL HIT,,8.90E+12,HIT,,,,,,269,,,,LALHIT.JPG/.JPEG,,,,,,,,,,,,,
KALA HIT,,8.90E+12,HIT,,,,,,269,,,,KALAHIT.JPG/.JPEG,,,,,,,,,,,,,
KALA HIT LIME FRESH,,8.90E+12,HIT,,,,,,325,,,,KALAHITLIMEFRESH.JPG/.JPEG,,,,,,,,,,,,,
LAL HIT,,8.90E+12,HIT,,,,,,182,,,,LALHIT.JPG/.JPEG,,,,,,,,,,,,,
KALA HIT LIME FRESH,,8.90E+12,HIT,,,,,,182,,,,KALAHITLIMEFRESH.JPG/.JPEG,,,,,,,,,,,,,
LAL HIT,,8.90E+12,HIT,,,,,,99,,,,LALHIT.JPG/.JPEG,,,,,,,,,,,,,
KAKA HIT LIME FRESH,,8.90E+12,HIT,,,,,,99,,,,KAKAHITLIMEFRESH.JPG/.JPEG,,,,,,,,,,,,,
MIXED FRUIT JAM,,8.90E+12,HUL,,,,,,65,,,,MIXEDFRUITJAM.JPG/.JPEG,,,,,,,,,,,,,
MIXED FRUIT JAM,,8.90E+12,HUL,,,,,,150,,,,MIXEDFRUITJAM.JPG/.JPEG,,,,,,,,,,,,,
KETCHUP,,8.90E+12,HUL,,,,,,50,,,,KETCHUP.JPG/.JPEG,,,,,,,,,,,,,
KETCHUP,,,HUL,,,,,,85,,,,KETCHUP.JPG/.JPEG,,,,,,,,,,,,,
KETCHUP,,8.90E+12,HUL,,,,,,15,,,,KETCHUP.JPG/.JPEG,,,,,,,,,,,,,
KETCHUP,,,HUL,,,,,,140,,,,KETCHUP.JPG/.JPEG,,,,,,,,,,,,,
RIN FABRIC WHITENER,,,HUL,,,,,,62,,,,RINFABRICWHITENER.JPG/.JPEG,,,,,,,,,,,,,
KETCHUP,,8.90E+12,HUL,,,,,,130,,,,KETCHUP.JPG/.JPEG,,,,,,,,,,,,,
TOMATO PUREE,,8.90E+12,HUL,,,,,,25,,,,TOMATOPUREE.JPG/.JPEG,,,,,,,,,,,,,
PEARS BATH SOAP,,8.90E+12,HUL,,,,,,65,,,,PEARSBATHSOAP.JPG/.JPEG,,,,,,,,,,,,,
LUX 4+1 SOAP,,8.90E+12,HUL,,,,,,95,,,,LUXLUX 4+1SOAP.JPG/.JPEG,,,,,,,,,,,,,
LUX 4+1 SOAP,,8.90E+12,HUL,,,,,,95,,,,LUXLUX 4+1SOAP.JPG/.JPEG,,,,,,,,,,,,,
LUX BATH SOAP,,8.90E+12,HUL,,,,,,30,,,,LUXBATHSOAP.JPG/.JPEG,,,,,,,,,,,,,
LUX BATH SOAP,,8.90E+12,HUL,,,,,,55,,,,LUXBATHSOAP.JPG/.JPEG,,,,,,,,,,,,,
LIRIL BATH SOAP,,8.90E+12,HUL,,,,,,57,,,,LIRILBATHSOAP.JPG/.JPEG,,,,,,,,,,,,,
LIFEBUOY BATH SOAP,,8.90E+12,HUL,,,,,,80,,,,LIFEBUOYBATHSOAP.JPG/.JPEG,,,,,,,,,,,,,
VIM LIQUID WASH,,8.90E+12,HUL,,,,,,155,,,,VIMLIQUIDWASH.JPG/.JPEG,,,,,,,,,,,,,
VIM LIQUID WASH,,8.90E+12,HUL,,,,,,105,,,,VIMLIQUIDWASH.JPG/.JPEG,,,,,,,,,,,,,
FAIR & LOVELY BATH SOAP,,8.90E+12,HUL,,,,,,90,,,,FAIR&LOVELYBATHSOAP.JPG/.JPEG,,,,,,,,,,,,,
PEARS BATH SOAP SUPER SAVER,,8.90E+12,HUL,,,,,,150,,,,PEARSBATHSOAPSUPERSAVER.JPG/.JPEG,,,,,,,,,,,,,
DOVE BATH SOAP,,8.90E+12,HUL,,,,,,160,,,,DOVEBATHSOAP.JPG/.JPEG,,,,,,,,,,,,,
DOVE BATH SOAP,,8.90E+12,HUL,,,,,,45,,,,DOVEBATHSOAP.JPG/.JPEG,,,,,,,,,,,,,
CLINIC PLUS SHAMPOO,,8.90E+12,HUL,,,,,,84,,,,CLINICPLUSSHAMPOO.JPG/.JPEG,,,,,,,,,,,,,
DOVE DAILY SHINE SHAMPOO,,8.90E+12,HUL,,,,,,500,,,,DOVEDAILYSHINESHAMPOO.JPG/.JPEG,,,,,,,,,,,,,
DOVE DAILY SHINE SHAMPOO,,8.90E+12,HUL,,,,,,230,,,,DOVEDAILYSHINESHAMPOO.JPG/.JPEG,,,,,,,,,,,,,
DOVE DRYNESS CARE SHAMPOO,,8.90E+12,HUL,,,,,,230,,,,DOVEDRYNESSCARESHAMPOO.JPG/.JPEG,,,,,,,,,,,,,
DOVE INTENSE REPAIR SHAMPOO,,8.90E+12,HUL,,,,,,110,,,,DOVEINTENSEREPAIRSHAMPOO.JPG/.JPEG,,,,,,,,,,,,,
DOVE DANDRUFF CARE SHAMPOO,,8.90E+12,HUL,,,,,,145,,,,DOVEDANDRUFFCARESHAMPOO.JPG/.JPEG,,,,,,,,,,,,,
TRESEMME KERATIN SMOOTH SHAMPOO,,8.90E+12,HUL,,,,,,465,,,,TRESEMMEKERATINSMOOTHSHAMPOO.JPG/.JPEG,,,,,,,,,,,,,
TRESEMME KERATIN SMOOTH SHAMPOO,,8.90E+12,HUL,,,,,,130,,,,TRESEMMEKERATINSMOOTHSHAMPOO.JPG/.JPEG,,,,,,,,,,,,,
TRESEMME SMOOTH & SHINE SHAMPOO,,8.90E+12,HUL,,,,,,120,,,,TRESEMMESMOOTH&SHINESHAMPOO.JPG/.JPEG,,,,,,,,,,,,,
TRESEMME HAIRFALL DEFENCE SHAMPOO,,8.90E+12,HUL,,,,,,187,,,,TRESEMMEHAIRFALLDEFENCESHAMPOO.JPG/.JPEG,,,,,,,,,,,,,
AXE DARK TEMPTATION DEO,,8.90E+12,HUL,,,,,,200,,,,AXEDARKTEMPTATIONDEO.JPG/.JPEG,,,,,,,,,,,,,
SUNSILK BLACK SHINE SHAMPOO,,8.90E+12,HUL,,,,,,310,,,,SUNSILKBLACKSHINESHAMPOO.JPG/.JPEG,,,,,,,,,,,,,
SUNSILK THICK AND LONG SHAMPOO,,8.90E+12,HUL,,,,,,180,,,,SUNSILKTHICKANDLONGSHAMPOO.JPG/.JPEG,,,,,,,,,,,,,
SUNSILK BLACK SHINE SHAMPOO,,8.90E+12,HUL,,,,,,95,,,,SUNSILKBLACKSHINESHAMPOO.JPG/.JPEG,,,,,,,,,,,,,
SUNSILK THICK AND LONG SHAMPOO,,8.90E+12,HUL,,,,,,95,,,,SUNSILKTHICKANDLONGSHAMPOO.JPG/.JPEG,,,,,,,,,,,,,
CLINIC PLUS SHAMPOO,,8.90E+12,HUL,,,,,,288,,,,CLINICPLUSSHAMPOO.JPG/.JPEG,,,,,,,,,,,,,
CLINIC PLUS SHAMPOO,,8.90E+12,HUL,,,,,,159,,,,CLINICPLUSSHAMPOO.JPG/.JPEG,,,,,,,,,,,,,
VASELINE PETRO JELLY,,8.90E+12,HUL,,,,,,125,,,,VASELINEPETROJELLY.JPG/.JPEG,,,,,,,,,,,,,
VASELINE PETRO JELLY,,8.90E+12,HUL,,,,,,72,,,,VASELINEPETROJELLY.JPG/.JPEG,,,,,,,,,,,,,
FAIR & LOVELY MENS FACE WASH,,8.90E+12,HUL,,,,,,85,,,,FAIR&LOVELYMENSFACEWASH.JPG/.JPEG,,,,,,,,,,,,,
LAKME BLUSH GLOW FACE WASH,,8.90E+12,HUL,,,,,,105,,,,LAKMEBLUSHGLOWFACEWASH.JPG/.JPEG,,,,,,,,,,,,,
LAKME ABSOLUTE BRIGHTENING DAY CREAM,,8.90E+12,HUL,,,,,,99,,,,LAKMEABSOLUTEBRIGHTENINGDAYCREAM.JPG/.JPEG,,,,,,,,,,,,,
POND'S WHITE BEAUTY,,8.90E+12,HUL,,,,,,70,,,,POND'SWHITEBEAUTY.JPG/.JPEG,,,,,,,,,,,,,
POND'S WHITE BEAUTY,,8.90E+12,HUL,,,,,,125,,,,POND'SWHITEBEAUTY.JPG/.JPEG,,,,,,,,,,,,,
LAKME ABSOLUTE BRIGHTENING DAY CREAM,,8.90E+12,HUL,,,,,,299,,,,LAKMEABSOLUTEBRIGHTENINGDAYCREAM.JPG/.JPEG,,,,,,,,,,,,,
FAIR & LOVELY INSTANT GLOW FACE WASH,,8.90E+12,HUL,,,,,,120,,,,FAIR&LOVELYINSTANTGLOWFACEWASH.JPG/.JPEG,,,,,,,,,,,,,
FAIR & LOVELY INSTANT GLOW FACE WASH,,8.90E+12,HUL,,,,,,65,,,,FAIR&LOVELYINSTANTGLOWFACEWASH.JPG/.JPEG,,,,,,,,,,,,,
PONDS WHITE BEAUTY FACE WASH,,8.90E+12,HUL,,,,,,149,,,,PONDSWHITEBEAUTYFACEWASH.JPG/.JPEG,,,,,,,,,,,,,
PONDS ANTI-POLLUTION FACE WASH,,8.90E+12,HUL,,,,,,190,,,,PONDSANTIPOLLUTIONFACEWASH.JPG/.JPEG,,,,,,,,,,,,,
PONDS WHITE BEAUTY FACE WASH,,8.90E+12,HUL,,,,,,79,,,,PONDSWHITEBEAUTYFACEWASH.JPG/.JPEG,,,,,,,,,,,,,
PONDS ANTI-POLLUTION FACE WASH,,8.90E+12,HUL,,,,,,95,,,,PONDSANTIPOLLUTIONFACEWASH.JPG/.JPEG,,,,,,,,,,,,,
DOVE DEEP PURE FACE WASH,,8.90E+12,HUL,,,,,,175,,,,DOVEDEEPPUREFACEWASH.JPG/.JPEG,,,,,,,,,,,,,
AXE TEMPTATION AFTER SHAVE LOTION,,8.90E+12,HUL,,,,,,205,,,,AXETEMPTATIONAFTERSHAVELOTION.JPG/.JPEG,,,,,,,,,,,,,
CLOSEUP EVERFRESH+,,8.90E+12,HUL,,,,,,85,,,,CLOSEUPEVERFRESH.JPG/.JPEG,,,,,,,,,,,,,
CLOSEUP EVERFRESH+,,8.90E+12,HUL,,,,,,40,,,,CLOSEUPEVERFRESH.JPG/.JPEG,,,,,,,,,,,,,
CLOSEUP EVERFRESH+ PACK OF 2,,8.90E+12,HUL,,,,,,150,,,,CLOSEUPEVERFRESHPACKOF.JPG/.JPEG,,,,,,,,,,,,,
GLOW & LOVELY ORIGINAL,,8.90E+12,HUL,,,,,,54,,,,GLOW&LOVELYORIGINAL.JPG/.JPEG,,,,,,,,,,,,,
GLOW & LOVELY ORIGINAL,,8.90E+12,HUL,,,,,,102,,,,GLOW&LOVELYORIGINAL.JPG/.JPEG,,,,,,,,,,,,,
GLOW & LOVELY ORIGINAL,,8.90E+12,HUL,,,,,,155,,,,GLOW&LOVELYORIGINAL.JPG/.JPEG,,,,,,,,,,,,,
GLOW & LOVELY AYURVEDIC,,8.90E+12,HUL,,,,,,72,,,,GLOW&LOVELYAYURVEDIC.JPG/.JPEG,,,,,,,,,,,,,
GLOW & LOVELY AYURVEDIC,,8.90E+12,HUL,,,,,,133,,,,GLOW&LOVELYAYURVEDIC.JPG/.JPEG,,,,,,,,,,,,,
GLOW & HANDSOME,,8.90E+12,HUL,,,,,,130,,,,GLOW&HANDSOME.JPG/.JPEG,,,,,,,,,,,,,
GLOW & HANDSOME,,8.90E+12,HUL,,,,,,75,,,,GLOW&HANDSOME.JPG/.JPEG,,,,,,,,,,,,,
PEPSODENT GUMCARE9+ TOOTHPASTE,,8.90E+12,HUL,,,,,,98,,,,PEPSODENTGUMCARE9+TOOTHPASTE.JPG/.JPEG,,,,,,,,,,,,,
PEPSODENT GERMICHECK+ TOOTHPASTE,,8.90E+12,HUL,,,,,,52,,,,PEPSODENTGERMICHECK+TOOTHPASTE.JPG/.JPEG,,,,,,,,,,,,,
PEPSODENT GERMICHECK+ TOOTHPASTE,,8.90E+12,HUL,,,,,,90,,,,PEPSODENTGERMICHECK+TOOTHPASTE.JPG/.JPEG,,,,,,,,,,,,,
PEPSODENT GERMICHECK+ TOOTHPASTE,,8.90E+12,HUL,,,,,,129,,,,PEPSODENTGERMICHECK+TOOTHPASTE.JPG/.JPEG,,,,,,,,,,,,,
PEPSODENT 2 IN 1 TOOTHPASTE,,8.90E+12,HUL,,,,,,97,,,,PEPSODENTINTOOTHPASTE.JPG/.JPEG,,,,,,,,,,,,,
AXE SHAVING CREAM  COMBO,,8.90E+12,HUL,,,,,,136,,,,AXESHAVINGCREAMCOMBO.JPG/.JPEG,,,,,,,,,,,,,
REX BAKING POWDER,,8.90E+12,HUL,,,,,,30,,,,REXBAKINGPOWDER.JPG/.JPEG,,,,,,,,,,,,,
BROWN & POLSON CUSTARD POWDER,,8.90E+12,HUL,,,,,,35,,,,BROWN&POLSONCUSTARDPOWDER.JPG/.JPEG,,,,,,,,,,,,,
BROWN & POLSON CORNFLOUR,,8.90E+12,HUL,,,,,,25,,,,BROWN&POLSONCORNFLOUR.JPG/.JPEG,,,,,,,,,,,,,
KNORR HOT & SOUR VEGETABLE SOUP ,,8.90E+12,HUL,,,,,,55,,,,KNORRHOT&SOURVEGETABLESOUP.JPG/.JPEG,,,,,,,,,,,,,
KNORR THICK TOMATO SOUP ,,8.90E+12,HUL,,,,,,55,,,,KNORRTHICKTOMATOSOUP.JPG/.JPEG,,,,,,,,,,,,,
KNORR MIXED VEGETABLE SOUP ,,8.90E+12,HUL,,,,,,55,,,,KNORRMIXEDVEGETABLESOUP.JPG/.JPEG,,,,,,,,,,,,,
KISSAN FRESH TOMATO SAUCE (BOTTLE),,8.90E+12,HUL,,,,,,140,,,,KISSANFRESHTOMATOSAUCEBOTTLE.JPG/.JPEG,,,,,,,,,,,,,
KISSAN FRESH TOMATO SAUCE (REFFIL),,8.90E+12,HUL,,,,,,130,,,,KISSANFRESHTOMATOSAUCEREFFIL.JPG/.JPEG,,,,,,,,,,,,,
KISSAN FRESH TOMATO SAUCE (REFFIL),,8.90E+12,HUL,,,,,,50,,,,KISSANFRESHTOMATOSAUCEREFFIL.JPG/.JPEG,,,,,,,,,,,,,
KISSAN MIXED FRUIT JAM,,8.90E+12,HUL,,,,,,150,,,,KISSANMIXEDFRUITJAM.JPG/.JPEG,,,,,,,,,,,,,
KISSAN MIXED FRUIT JAM,,8.90E+12,HUL,,,,,,65,,,,KISSANMIXEDFRUITJAM.JPG/.JPEG,,,,,,,,,,,,,
KISSAN MIXED FRUIT JAM,,8.90E+12,HUL,,,,,,215,,,,KISSANMIXEDFRUITJAM.JPG/.JPEG,,,,,,,,,,,,,
KISSAN MIXED FRUIT JAM,,8.90E+12,HUL,,,,,,280,,,,KISSANMIXEDFRUITJAM.JPG/.JPEG,,,,,,,,,,,,,
TAAZA TEA,,8.90E+12,HUL,,,,,,70,,,,TAAZATEA.JPG/.JPEG,,,,,,,,,,,,,
TAAZA MASALA TEA,,8.90E+12,HUL,,,,,,75,,,,TAAZAMASALATEA.JPG/.JPEG,,,,,,,,,,,,,
COMFORT FABRIC CONDITIONER ANTI-BACTERIAL (GREEN),,8.90E+12,HUL,,,,,,218,,,,COMFORTFABRICCONDITIONERANTIBACTERIALGREEN.JPG/.JPEG,,,,,,,,,,,,,
COMFORT FABRIC CONDITIONER LILY FRESH (PINK),,8.90E+12,HUL,,,,,,218,,,,COMFORTFABRICCONDITIONERLILYFRESHPINK.JPG/.JPEG,,,,,,,,,,,,,
COMFORT FABRIC CONDITIONER MORNING FRESH (BLUE),,8.90E+12,HUL,,,,,,218,,,,COMFORTFABRICCONDITIONERMORNINGFRESHBLUE.JPG/.JPEG,,,,,,,,,,,,,
LIFEBUOY SANITIZER,,8.90E+12,HUL,,,,,,250,,,,LIFEBUOYSANITIZER.JPG/.JPEG,,,,,,,,,,,,,
LIFEBUOY SANITIZER,,8.90E+12,HUL,,,,,,120,,,,LIFEBUOYSANITIZER.JPG/.JPEG,,,,,,,,,,,,,
VIMLIQUID JAR,,8.90E+12,HUL,,,,,,360,,,,VIMLIQUIDJAR.JPG/.JPEG,,,,,,,,,,,,,
TAJ MAHAL TEA,,8.90E+12,HUL,,,,,,520,,,,TAJMAHALTEA.JPG/.JPEG,,,,,,,,,,,,,
TAJ MAHAL TEA,,8.90E+12,HUL,,,,,,260,,,,TAJMAHALTEA.JPG/.JPEG,,,,,,,,,,,,,
TAJ MAHAL TEA,,8.90E+12,HUL,,,,,,135,,,,TAJMAHALTEA.JPG/.JPEG,,,,,,,,,,,,,
LIPTON GREEN TEA,,8.90E+12,HUL,,,,,,165,,,,LIPTONGREENTEA.JPG/.JPEG,,,,,,,,,,,,,
LIPTON YELLOW LABEL,,8.90E+12,HUL,,,,,,220,,,,LIPTONYELLOWLABEL.JPG/.JPEG,,,,,,,,,,,,,
LIPTON GREEN LABEL,,8.90E+12,HUL,,,,,,460,,,,LIPTONGREENLABEL.JPG/.JPEG,,,,,,,,,,,,,
SURF EXCEL MATIC TOP LOAD,,8.90E+12,HUL,,,,,,999,,,,SURFEXCELMATICTOPLOAD.JPG/.JPEG,,,,,,,,,,,,,
SURF EXCEL MATIC FRONT LOAD,,8.90E+12,HUL,,,,,,"1,099.00",,,,SURFEXCELMATICFRONTLOAD.JPG/.JPEG,,,,,,,,,,,,,
SURF EXCEL MATIC FRONT LOAD,,8.90E+12,HUL,,,,,,530,,,,SURFEXCELMATICFRONTLOAD.JPG/.JPEG,,,,,,,,,,,,,
RIN POWDER,,8.90E+12,HUL,,,,,,65,,,,RINPOWDER.JPG/.JPEG,,,,,,,,,,,,,
VIM BAR ,,8.90E+12,HUL,,,,,,40,,,,VIMBAR.JPG/.JPEG,,,,,,,,,,,,,
VIM BAR ,,8.90E+12,HUL,,,,,,30,,,,VIMBAR.JPG/.JPEG,,,,,,,,,,,,,
VIM BAR COMBO,,8.90E+12,HUL,,,,,,48,,,,VIMBARCOMBO.JPG/.JPEG,,,,,,,,,,,,,
SURF EXCEL QUICK WASH,,8.90E+12,HUL,,,,,,180,,,,SURFEXCELQUICKWASH.JPG/.JPEG,,,,,,,,,,,,,
SURF EXCEL EASY WASH,,8.90E+12,HUL,,,,,,95,,,,SURFEXCELEASYWASH.JPG/.JPEG,,,,,,,,,,,,,
SURF EXCEL EASY WASH,,8.90E+12,HUL,,,,,,496,,,,SURFEXCELEASYWASH.JPG/.JPEG,,,,,,,,,,,,,
SURF EXCEL QUICK WASH,,8.90E+12,HUL,,,,,,600,,,,SURFEXCELQUICKWASH.JPG/.JPEG,,,,,,,,,,,,,
SURF EXCEL MATIC TOP LOAD,,8.90E+12,HUL,,,,,,449,,,,SURFEXCELMATICTOPLOAD.JPG/.JPEG,,,,,,,,,,,,,
BASMATI RICE,,6.90E+11,INDIA GATE,,,,,,89,,,,BASMATIRICE.JPG/.JPEG,,,,,,,,,,,,,
RICE,,6.90E+11,INDIA GATE,,,,,,440,,,,RICE.JPG/.JPEG,,,,,,,,,,,,,
BASMATI RICE MOGRA,,6.90E+11,INDIA GATE,,,,,,342,,,,BASMATIRICEMOGRA.JPG/.JPEG,,,,,,,,,,,,,
BASMATI RICE DUBAR,,6.90E+11,INDIA GATE,,,,,,115,,,,BASMATIRICEDUBAR.JPG/.JPEG,,,,,,,,,,,,,
VIVEL BATH SOAP,,8.90E+12,ITC,,,,,,99,,,,VIVELBATHSOAP.JPG/.JPEG,,,,,,,,,,,,,
SAVLON BATH SOAP,,8.90E+12,ITC,,,,,,87,,,,SAVLONBATHSOAP.JPG/.JPEG,,,,,,,,,,,,,
SAVLON ANTISEPTIC DISINFECTANT LIQUID,,8.90E+12,ITC,,,,,,156,,,,SAVLONANTISEPTICDISINFECTANTLIQUID.JPG/.JPEG,,,,,,,,,,,,,
SAVLON ANTISEPTIC DISINFECTANT LIQUID,,8.90E+12,ITC,,,,,,291,,,,SAVLONANTISEPTICDISINFECTANTLIQUID.JPG/.JPEG,,,,,,,,,,,,,
LISTERINE MOUTH WASH,,8.90E+12,JHONSON & JHONSON,,,,,,140,,,,LISTERINEMOUTHWASH.JPG/.JPEG,,,,,,,,,,,,,
JOHNSONS BABY WIPES,,8.90E+12,JHONSON & JHONSON,,,,,,230,,,,JOHNSONSBABYWIPES.JPG/.JPEG,,,,,,,,,,,,,
JOHNSONS BABY POWDER,,8.90E+12,JHONSON & JHONSON,,,,,,320,,,,JOHNSONSBABYPOWDER.JPG/.JPEG,,,,,,,,,,,,,
JOHNSONS BABY POWDER,,8.90E+12,JHONSON & JHONSON,,,,,,225,,,,JOHNSONSBABYPOWDER.JPG/.JPEG,,,,,,,,,,,,,
JOHNSONS BABY POWDER,,8.90E+12,JHONSON & JHONSON,,,,,,135,,,,JOHNSONSBABYPOWDER.JPG/.JPEG,,,,,,,,,,,,,
JOHNSONS BABY POWDER,,8.90E+12,JHONSON & JHONSON,,,,,,75,,,,JOHNSONSBABYPOWDER.JPG/.JPEG,,,,,,,,,,,,,
JOHNSONS BABY OIL,,8.90E+12,JHONSON & JHONSON,,,,,,195,,,,JOHNSONSBABYOIL.JPG/.JPEG,,,,,,,,,,,,,
JOHNSONS BABY OIL,,8.90E+12,JHONSON & JHONSON,,,,,,110,,,,JOHNSONSBABYOIL.JPG/.JPEG,,,,,,,,,,,,,
JOHNSONS BABY OIL,,8.90E+12,JHONSON & JHONSON,,,,,,400,,,,JOHNSONSBABYOIL.JPG/.JPEG,,,,,,,,,,,,,
JOHNSONS BABY HAIR OIL,,8.90E+12,JHONSON & JHONSON,,,,,,120,,,,JOHNSONSBABYHAIROIL.JPG/.JPEG,,,,,,,,,,,,,
JOHNSONS BABY HAIR OIL,,8.90E+12,JHONSON & JHONSON,,,,,,80,,,,JOHNSONSBABYHAIROIL.JPG/.JPEG,,,,,,,,,,,,,
JOHNSONS BABY SHAMPOO,,8.90E+12,JHONSON & JHONSON,,,,,,360,,,,JOHNSONSBABYSHAMPOO.JPG/.JPEG,,,,,,,,,,,,,
JOHNSONS BABY SHAMPOO,,8.90E+12,JHONSON & JHONSON,,,,,,90,,,,JOHNSONSBABYSHAMPOO.JPG/.JPEG,,,,,,,,,,,,,
JOHNSONS TOP-TO-TOE BABY BATH,,8.90E+12,JHONSON & JHONSON,,,,,,160,,,,JOHNSONSTOPTOTOEBABYBATH.JPG/.JPEG,,,,,,,,,,,,,
JOHNSONS TOP-TO-TOE BABY BATH,,8.90E+12,JHONSON & JHONSON,,,,,,85,,,,JOHNSONSTOPTOTOEBABYBATH.JPG/.JPEG,,,,,,,,,,,,,
JOHNSONS BABY LOTION,,8.90E+12,JHONSON & JHONSON,,,,,,165,,,,JOHNSONSBABYLOTION.JPG/.JPEG,,,,,,,,,,,,,
JOHNSONS BABY LOTION,,8.90E+12,JHONSON & JHONSON,,,,,,90,,,,JOHNSONSBABYLOTION.JPG/.JPEG,,,,,,,,,,,,,
JOHNSONS BABY SOAP,,8.90E+12,JHONSON & JHONSON,,,,,,62,,,,JOHNSONSBABYSOAP.JPG/.JPEG,,,,,,,,,,,,,
JOHNSONS BABY SOAP,,8.90E+12,JHONSON & JHONSON,,,,,,52,,,,JOHNSONSBABYSOAP.JPG/.JPEG,,,,,,,,,,,,,
JOHNSONS BABY SOAP,,8.90E+12,JHONSON & JHONSON,,,,,,90,,,,JOHNSONSBABYSOAP.JPG/.JPEG,,,,,,,,,,,,,
JOHNSONS BABY CREAM,,8.90E+12,JHONSON & JHONSON,,,,,,75,,,,JOHNSONSBABYCREAM.JPG/.JPEG,,,,,,,,,,,,,
JOHNSONS MILK + RICE BABY CREAM,,8.90E+12,JHONSON & JHONSON,,,,,,75,,,,JOHNSONSMILKRICEBABYCREAM.JPG/.JPEG,,,,,,,,,,,,,
JOHNSONS BABY CREAM,,8.90E+12,JHONSON & JHONSON,,,,,,145,,,,JOHNSONSBABYCREAM.JPG/.JPEG,,,,,,,,,,,,,
JHONSONS MILK + RICE LOTION,,8.90E+12,JHONSON & JHONSON,,,,,,170,,,,JHONSONSMILKRICELOTION.JPG/.JPEG,,,,,,,,,,,,,
CLEAN & CLEAR FOAMING FACE WASH,,8.90E+12,JHONSON & JHONSON,,,,,,155,,,,CLEAN&CLEARFOAMINGFACEWASH.JPG/.JPEG,,,,,,,,,,,,,
CLEAN & CLEAR FOAMING FACE WASH,,8.90E+12,JHONSON & JHONSON,,,,,,130,,,,CLEAN&CLEARFOAMINGFACEWASH.JPG/.JPEG,,,,,,,,,,,,,
CLEAN & CLEAR MORNING ENERGY FACE WASH,,8.90E+12,JHONSON & JHONSON,,,,,,145,,,,CLEAN&CLEARMORNINGENERGYFACEWASH.JPG/.JPEG,,,,,,,,,,,,,
STAYFREE SECURE 20 PADS,,8.90E+12,JHONSON & JHONSON,,,,,,78,,,,STAYFREESECUREPADS.JPG/.JPEG,,,,,,,,,,,,,
STAYFREE SECURE XL 6 PADS,,8.90E+12,JHONSON & JHONSON,,,,,,36,,,,STAYFREESECUREXLPADS.JPG/.JPEG,,,,,,,,,,,,,
STAYFREE SECURE 6 PADS,,8.90E+12,JHONSON & JHONSON,,,,,,28,,,,STAYFREESECUREPADS.JPG/.JPEG,,,,,,,,,,,,,
STAYFREE ALL NIGHT ULTRA DRY XL 14 PADS,,8.90E+12,JHONSON & JHONSON,,,,,,175,,,,STAYFREEALLNIGHTULTRADRYXLPADS.JPG/.JPEG,,,,,,,,,,,,,
STAYFREE ALL NIGHT ULTRA DRY XL 7 PADS,,8.90E+12,JHONSON & JHONSON,,,,,,90,,,,STAYFREEALLNIGHTULTRADRYXLPADS.JPG/.JPEG,,,,,,,,,,,,,
STAYFREE ALL NIGHT ULTRA DRY XL 42 PADS,,8.90E+12,JHONSON & JHONSON,,,,,,450,,,,STAYFREEALLNIGHTULTRADRYXLPADS.JPG/.JPEG,,,,,,,,,,,,,
STAYFREE SECURE 20 PADS,,8.90E+12,JHONSON & JHONSON,,,,,,115,,,,STAYFREESECUREPADS.JPG/.JPEG,,,,,,,,,,,,,
IMLI,,,JK,,,,,,60,,,,IMLI.JPG/.JPEG,,,,,,,,,,,,,
MARGO BATH SOAP,,8.90E+12,JYOTHY LABROTRIES,,,,,,85,,,,MARGOBATHSOAP.JPG/.JPEG,,,,,,,,,,,,,
EXO DISH WASHER,,8.90E+12,JYOTHY LABROTRIES,,,,,,48,,,,EXODISHWASHER.JPG/.JPEG,,,,,,,,,,,,,
KAMASUTRA SPARK DEO,,8.90E+12,KAMASUTRA,,,,,,210,,,,KAMASUTRASPARKDEO.JPG/.JPEG,,,,,,,,,,,,,
KAMASUTRA DOTTED CONDOMS,,8.90E+12,KAMASUTRA,,,,,,120,,,,KAMASUTRADOTTEDCONDOMS.JPG/.JPEG,,,,,,,,,,,,,
KAMASUTRA INTENSITY CONDOMS,,8.90E+12,KAMASUTRA,,,,,,120,,,,KAMASUTRAINTENSITYCONDOMS.JPG/.JPEG,,,,,,,,,,,,,
KAMASUTRA ORANGE CONDOMS,,8.90E+12,KAMASUTRA,,,,,,80,,,,KAMASUTRAORANGECONDOMS.JPG/.JPEG,,,,,,,,,,,,,
KAMASUTRA BUTTERSCOTCH CONDOMS,,8.90E+12,KAMASUTRA,,,,,,80,,,,KAMASUTRABUTTERSCOTCHCONDOMS.JPG/.JPEG,,,,,,,,,,,,,
KAMASUTRA PINEAPPLE CONDOMS,,8.90E+12,KAMASUTRA,,,,,,80,,,,KAMASUTRAPINEAPPLECONDOMS.JPG/.JPEG,,,,,,,,,,,,,
KAMASUTRA VANILLA CONDOMS,,8.90E+12,KAMASUTRA,,,,,,80,,,,KAMASUTRAVANILLACONDOMS.JPG/.JPEG,,,,,,,,,,,,,
KAMASUTRA COFFEE CONDOMS,,8.90E+12,KAMASUTRA,,,,,,80,,,,KAMASUTRACOFFEECONDOMS.JPG/.JPEG,,,,,,,,,,,,,
KAMASUTRA BANANA CONDOMS,,8.90E+12,KAMASUTRA,,,,,,80,,,,KAMASUTRABANANACONDOMS.JPG/.JPEG,,,,,,,,,,,,,
KAMASUTRA VARIETY PACK CONDOMS,,8.90E+12,KAMASUTRA,,,,,,90,,,,KAMASUTRAVARIETYPACKCONDOMS.JPG/.JPEG,,,,,,,,,,,,,
KAMASUTRA LONGLAST CONDOMS,,8.90E+12,KAMASUTRA,,,,,,130,,,,KAMASUTRALONGLASTCONDOMS.JPG/.JPEG,,,,,,,,,,,,,
KAMASUTRA DOTT MAX CONDOMS,,8.90E+12,KAMASUTRA,,,,,,200,,,,KAMASUTRADOTTMAXCONDOMS.JPG/.JPEG,,,,,,,,,,,,,
KAMASUTRA RIBBED CONDOMS,,8.90E+12,KAMASUTRA,,,,,,110,,,,KAMASUTRARIBBEDCONDOMS.JPG/.JPEG,,,,,,,,,,,,,
CHOCOS,,8.90E+12,KELLOGG'S,,,,,,165,,,,CHOCOS.JPG/.JPEG,,,,,,,,,,,,,
CORNFLAKES,,8.90E+12,KELLOGG'S,,,,,,95,,,,CORNFLAKES.JPG/.JPEG,,,,,,,,,,,,,
CORNFLAKES ORIGINAL,,8.90E+12,KELLOGG'S,,,,,,180,,,,CORNFLAKESORIGINAL.JPG/.JPEG,,,,,,,,,,,,,
CORNFLAKES ORIGINAL,,8.90E+12,KELLOGG'S,,,,,,95,,,,CORNFLAKESORIGINAL.JPG/.JPEG,,,,,,,,,,,,,
CHOCOS,,8.90E+12,KELLOGG'S,,,,,,299,,,,CHOCOS.JPG/.JPEG,,,,,,,,,,,,,
CHOCOS,,8.90E+12,KELLOGG'S,,,,,,165,,,,CHOCOS.JPG/.JPEG,,,,,,,,,,,,,
CHOCOS,,8.90E+12,KELLOGG'S,,,,,,125,,,,CHOCOS.JPG/.JPEG,,,,,,,,,,,,,
CORNFLAKES ALL BRAN WHEAT FLAKES,,8.90E+12,KELLOGG'S,,,,,,205,,,,CORNFLAKESALLBRANWHEATFLAKES.JPG/.JPEG,,,,,,,,,,,,,
CORNFLAKES SPECIAL K,,8.90E+12,KELLOGG'S,,,,,,210,,,,CORNFLAKESSPECIALK.JPG/.JPEG,,,,,,,,,,,,,
MUESLI FRUIT & NUT 21%,,8.90E+12,KELLOGG'S,,,,,,315,,,,MUESLIFRUIT&NUT.JPG/.JPEG,,,,,,,,,,,,,
MUESLI NUT DELIGHT 20%,,8.90E+12,KELLOGG'S,,,,,,315,,,,MUESLINUTDELIGHT.JPG/.JPEG,,,,,,,,,,,,,
MUESLI FRUIT MAGIC 22%,,8.90E+12,KELLOGG'S,,,,,,315,,,,MUESLIFRUITMAGIC.JPG/.JPEG,,,,,,,,,,,,,
PUFFCORN,,,KRUKURE,,,,,,20,,,,PUFFCORN.JPG/.JPEG,,,,,,,,,,,,,
BLUE LAYS,,8.90E+12,LAYS,,,,,,10,,,,BLUELAYS.JPG/.JPEG,,,,,,,,,,,,,
KURKURE,,8.90E+12,LAYS,,,,,,10,,,,KURKURE.JPG/.JPEG,,,,,,,,,,,,,
UNCLE CHIPS,,8.90E+12,LAYS,,,,,,10,,,,UNCLECHIPS.JPG/.JPEG,,,,,,,,,,,,,
RED LAYS,,8.90E+12,LAYS,,,,,,10,,,,REDLAYS.JPG/.JPEG,,,,,,,,,,,,,
DORITOS,,8.90E+12,LAYS,,,,,,20,,,,DORITOS.JPG/.JPEG,,,,,,,,,,,,,
ONION GREEN LAYS,,,LAYS,,,,,,20,,,,ONIONGREENLAYS.JPG/.JPEG,,,,,,,,,,,,,
CHILE LEMON GREEN LAYS,,8.90E+12,LAYS,,,,,,20,,,,CHILELEMONGREENLAYS.JPG/.JPEG,,,,,,,,,,,,,
CRIPZ LAYS,,,LAYS,,,,,,20,,,,CRIPZLAYS.JPG/.JPEG,,,,,,,,,,,,,
BLUE LAYS,,8.90E+12,LAYS,,,,,,20,,,,BLUELAYS.JPG/.JPEG,,,,,,,,,,,,,
RED LAYS,,8.90E+12,LAYS,,,,,,20,,,,REDLAYS.JPG/.JPEG,,,,,,,,,,,,,
KURKURE,,,LAYS,,,,,,20,,,,KURKURE.JPG/.JPEG,,,,,,,,,,,,,
PEPSI,,8.90E+12,LEHAR PEPSI,,,,,,15,,,,PEPSI.JPG/.JPEG,,,,,,,,,,,,,
LIFEBUOY HAND WASH,,8.90E+12,LIFEBUOY,,,,,,85,,,,LIFEBUOYHANDWASH.JPG/.JPEG,,,,,,,,,,,,,
LIFEBUOY HAND WASH,,8.90E+12,LIFEBUOY,,,,,,119,,,,LIFEBUOYHANDWASH.JPG/.JPEG,,,,,,,,,,,,,
LIFEBUOY HAND WASH,,8.90E+12,LIFEBUOY,,,,,,189,,,,LIFEBUOYHANDWASH.JPG/.JPEG,,,,,,,,,,,,,
LIZOL SURFACE CLEANER,,8.90E+12,LIZOL,,,,,,179,,,,LIZOLSURFACECLEANER.JPG/.JPEG,,,,,,,,,,,,,
LIZOL SURFACE CLEANER,,8.90E+12,LIZOL,,,,,,93,,,,LIZOLSURFACECLEANER.JPG/.JPEG,,,,,,,,,,,,,
LIZOL SURFACE CLEANER,,8.90E+12,LIZOL,,,,,,362,,,,LIZOLSURFACECLEANER.JPG/.JPEG,,,,,,,,,,,,,
PAPAD,,,LIZZAT,,,,,,72,,,,PAPAD.JPG/.JPEG,,,,,,,,,,,,,
LIJJIT PAPAD,,,LIZZAT,,,,,,72,,,,LIJJITPAPAD.JPG/.JPEG,,,,,,,,,,,,,
GARNIER LONG & STRONG SHAMPOO,,8.90E+12,L'OREL,,,,,,135,,,,GARNIERLONG&STRONGSHAMPOO.JPG/.JPEG,,,,,,,,,,,,,
GARNIER LONG & STRONG CONDITIONER,,8.90E+12,L'OREL,,,,,,165,,,,GARNIERLONG&STRONGCONDITIONER.JPG/.JPEG,,,,,,,,,,,,,
L'OREAL TOTAL REPAIR SHAMPOO,,8.90E+12,L'OREL,,,,,,265,,,,L'OREALTOTALREPAIRSHAMPOO.JPG/.JPEG,,,,,,,,,,,,,
L'OREAL TOTAL REPAIR SHAMPOO,,8.90E+12,L'OREL,,,,,,135,,,,L'OREALTOTALREPAIRSHAMPOO.JPG/.JPEG,,,,,,,,,,,,,
GARNIER LIGHT COMPLETE,,8.90E+12,L'OREL,,,,,,199,,,,GARNIERLIGHTCOMPLETE.JPG/.JPEG,,,,,,,,,,,,,
GARNIER LIGHT COMPLETE SERUM,,8.90E+12,L'OREL,,,,,,59,,,,GARNIERLIGHTCOMPLETESERUM.JPG/.JPEG,,,,,,,,,,,,,
GARNIER POWER WHITE ANTI-DARK CELLS FACE WASH,,8.90E+12,L'OREL,,,,,,160,,,,GARNIERPOWERWHITEANTIDARKCELLSFACEWASH.JPG/.JPEG,,,,,,,,,,,,,
GARNIER POWER WHITE ANTI-POLLUTION FACE WASH,,8.90E+12,L'OREL,,,,,,160,,,,GARNIERPOWERWHITEANTIPOLLUTIONFACEWASH.JPG/.JPEG,,,,,,,,,,,,,
GARNIER ACNO FIGHT ANTI-PIMPLE FACE WASH,,8.90E+12,L'OREL,,,,,,99,,,,GARNIERACNOFIGHTANTIPIMPLEFACEWASH.JPG/.JPEG,,,,,,,,,,,,,
GARNIER LIGHT FAIRNESS FACE WASH,,8.90E+12,L'OREL,,,,,,160,,,,GARNIERLIGHTFAIRNESSFACEWASH.JPG/.JPEG,,,,,,,,,,,,,
GARNIER OIL CLEAR DEEP CLEANSING FACE WASH,,8.90E+12,L'OREL,,,,,,180,,,,GARNIEROILCLEARDEEPCLEANSINGFACEWASH.JPG/.JPEG,,,,,,,,,,,,,
GARNIER OIL CLEAR DEEP CLEANSING FACE WASH,,8.90E+12,L'OREL,,,,,,99,,,,GARNIEROILCLEARDEEPCLEANSINGFACEWASH.JPG/.JPEG,,,,,,,,,,,,,
GARNIER ACNO FIGHT ANTI-PIMPLE FACE WASH,,8.90E+12,L'OREL,,,,,,160,,,,GARNIERACNOFIGHTANTIPIMPLEFACEWASH.JPG/.JPEG,,,,,,,,,,,,,
GARNIER PURE ACTIVE PURE NEEM FACE WASH,,8.90E+12,L'OREL,,,,,,120,,,,GARNIERPUREACTIVEPURENEEMFACEWASH.JPG/.JPEG,,,,,,,,,,,,,
GARNIER PURE ACTIVE PURE NEEM FACE WASH,,8.90E+12,L'OREL,,,,,,55,,,,GARNIERPUREACTIVEPURENEEMFACEWASH.JPG/.JPEG,,,,,,,,,,,,,
LUX SOAP,,,LUX,,,,,,10,,,,LUXSOAP.JPG/.JPEG,,,,,,,,,,,,,
MAGIC MASALA,,,MAGGI,,,,,,23,,,,MAGICMASALA.JPG/.JPEG,,,,,,,,,,,,,
MAGIC MASALA,,,MAGGI,,,,,,5,,,,MAGICMASALA.JPG/.JPEG,,,,,,,,,,,,,
VI-JOHN SHAVING CREAM,,8.91E+12,MAJA HEALTH CARE,,,,,,50,,,,VISHAVINGCREAM.JPG/.JPEG,,,,,,,,,,,,,
REVIVE LIQUID STIFFENER,,8.90E+12,MARICO LIMITED,,,,,,124,,,,REVIVELIQUIDSTIFFENER.JPG/.JPEG,,,,,,,,,,,,,
REVIVE INSTANT STARCH,,8.90E+12,MARICO LIMITED,,,,,,125,,,,REVIVEINSTANTSTARCH.JPG/.JPEG,,,,,,,,,,,,,
REVIVE INSTANT STARCH,,8.90E+12,MARICO LIMITED,,,,,,65,,,,REVIVEINSTANTSTARCH.JPG/.JPEG,,,,,,,,,,,,,
ADVANCE,,,MARLBORO,,,,,,330,,,,ADVANCE.JPG/.JPEG,,,,,,,,,,,,,
LIGHT,,,MARLBORO,,,,,,330,,,,LIGHT.JPG/.JPEG,,,,,,,,,,,,,
CLOVE,,,MARLBORO,,,,,,326,,,,CLOVE.JPG/.JPEG,,,,,,,,,,,,,
SUBJI MASALA,,,MDH,,,,,,54,,,,SUBJIMASALA.JPG/.JPEG,,,,,,,,,,,,,
MEAT MASALA,,8.90E+12,MDH,,,,,,37,,,,MEATMASALA.JPG/.JPEG,,,,,,,,,,,,,
JAL JEERA,,8.90E+12,MDH,,,,,,52,,,,JALJEERA.JPG/.JPEG,,,,,,,,,,,,,
MEAT KA MASALA,,8.90E+12,MDH,,,,,,70,,,,MEATKAMASALA.JPG/.JPEG,,,,,,,,,,,,,
CHUNKY CHAAT,,8.90E+12,MDH,,,,,,63,,,,CHUNKYCHAAT.JPG/.JPEG,,,,,,,,,,,,,
CHICKEN MASALA,,8.90E+12,MDH,,,,,,67,,,,CHICKENMASALA.JPG/.JPEG,,,,,,,,,,,,,
PAV BHAJI,,8.90E+12,MDH,,,,,,64,,,,PAVBHAJI.JPG/.JPEG,,,,,,,,,,,,,
KITCHEN KING,,8.90E+12,MDH,,,,,,68,,,,KITCHENKING.JPG/.JPEG,,,,,,,,,,,,,
RAITA MASALA,,8.90E+12,MDH,,,,,,59,,,,RAITAMASALA.JPG/.JPEG,,,,,,,,,,,,,
CHANNA MASALA,,8.90E+12,MDH,,,,,,62,,,,CHANNAMASALA.JPG/.JPEG,,,,,,,,,,,,,
KASTURI METHI,,8.90E+12,MDH,,,,,,25,,,,KASTURIMETHI.JPG/.JPEG,,,,,,,,,,,,,
SHAHI PANEER,,8.90E+12,MDH,,,,,,80,,,,SHAHIPANEER.JPG/.JPEG,,,,,,,,,,,,,
GARAM MASALA,,8.90E+12,MDH,,,,,,40,,,,GARAMMASALA.JPG/.JPEG,,,,,,,,,,,,,
GARAM MASALA,,8.90E+12,MDH,,,,,,78,,,,GARAMMASALA.JPG/.JPEG,,,,,,,,,,,,,
AMCHUR POWDER,,8.90E+12,MDH,,,,,,82,,,,AMCHURPOWDER.JPG/.JPEG,,,,,,,,,,,,,
DEGI MIRCH,,8.90E+12,MDH,,,,,,65,,,,DEGIMIRCH.JPG/.JPEG,,,,,,,,,,,,,
KALI MIRCH,,8.90E+12,MDH,,,,,,70,,,,KALIMIRCH.JPG/.JPEG,,,,,,,,,,,,,
DHANIA POWDER,,,MDH,,,,,,30,,,,DHANIAPOWDER.JPG/.JPEG,,,,,,,,,,,,,
LAL MIRCHI,,8.90E+12,MDH,,,,,,33,,,,LALMIRCHI.JPG/.JPEG,,,,,,,,,,,,,
SAMBHAR MASALA,,8.90E+12,MDH,,,,,,62,,,,SAMBHARMASALA.JPG/.JPEG,,,,,,,,,,,,,
CLING PAPER,,,MFM,,,,,,218,,,,CLINGPAPER.JPG/.JPEG,,,,,,,,,,,,,
DESI GHEE,,8.91E+12,MILKFOOD,,,,,,498,,,,DESIGHEE.JPG/.JPEG,,,,,,,,,,,,,
DESI GHEE,,8.91E+12,MILKFOOD,,,,,,252,,,,DESIGHEE.JPG/.JPEG,,,,,,,,,,,,,
DESI GHEE,,8.91E+12,MILKFOOD,,,,,,498,,,,DESIGHEE.JPG/.JPEG,,,,,,,,,,,,,
CORNFLAKES,,8.90E+12,MOHUN'S,,,,,,300,,,,CORNFLAKESM.JPG/.JPEG,,,,,,,,,,,,,
UPMA,,8.90E+12,MTR,,,,,,90,,,,UPMA.JPG/.JPEG,,,,,,,,,,,,,
DOSA,,8.90E+12,MTR,,,,,,120,,,,DOSA.JPG/.JPEG,,,,,,,,,,,,,
RAVA IDLI,,8.90E+12,MTR,,,,,,205,,,,RAVAIDLI.JPG/.JPEG,,,,,,,,,,,,,
SAMBHAR POWDER,,8.90E+12,MTR,,,,,,110,,,,SAMBHARPOWDER.JPG/.JPEG,,,,,,,,,,,,,
COFFEE,,89006740,NESCAFE,,,,,,150,,,,COFFEE.JPG/.JPEG,,,,,,,,,,,,,
COFFEE,,89006733,NESCAFE,,,,,,75,,,,COFFEE3.JPG/.JPEG,,,,,,,,,,,,,
COFFEE,,8.90E+12,NESCAFE,,,,,,490,,,,COFFEE3.JPG/.JPEG,,,,,,,,,,,,,
COFFEE,,89008560,NESCAFE,,,,,,10,,,,COFFEE3.JPG/.JPEG,,,,,,,,,,,,,
COFFEE,,,NESCAFE,,,,,,"1,060.00",,,,COFFEE3.JPG/.JPEG,,,,,,,,,,,,,
NESTLE LACTOGEN 3 BABY FOOD,,8.90E+12,NESTLE,,,,,,310,,,,NESTLELACTOGENBABYFOOD.JPG/.JPEG,,,,,,,,,,,,,
NESTLE LACTOGEN 2 BABY FOOD,,8.90E+12,NESTLE,,,,,,320,,,,NESTLELACTOGENBABYFOOD.JPG/.JPEG,,,,,,,,,,,,,
NESTLE LACTOGEN 1 BABY FOOD,,8.90E+12,NESTLE,,,,,,330,,,,NESTLELACTOGENBABYFOOD.JPG/.JPEG,,,,,,,,,,,,,
NESTLE NAN PRO 1 BABY FOOD,,8.90E+12,NESTLE,,,,,,610,,,,NESTLENANPROBABYFOOD.JPG/.JPEG,,,,,,,,,,,,,
NESTLE NAN PRO 4 BABY FOOD,,8.90E+12,NESTLE,,,,,,580,,,,NESTLENANPROBABYFOOD.JPG/.JPEG,,,,,,,,,,,,,
NESTLE NAN PRO 2 BABY FOOD,,8.90E+12,NESTLE,,,,,,605,,,,NESTLENANPROBABYFOOD.JPG/.JPEG,,,,,,,,,,,,,
CERELAC RICE BABY FOOD,,8.90E+12,NESTLE,,,,,,190,,,,CERELACRICEBABYFOOD.JPG/.JPEG,,,,,,,,,,,,,
CERELAC MULTRIGRAIN DAL BABY FOOD,,8.90E+12,NESTLE,,,,,,257,,,,CERELACMULTRIGRAINDALBABYFOOD.JPG/.JPEG,,,,,,,,,,,,,
CERELAC MULTRIGRAIN CEREAL MILK & FRUIT BABY FOOD,,8.90E+12,NESTLE,,,,,,277,,,,CERELACMULTRIGRAINCEREALMILK&FRUITBABYFOOD.JPG/.JPEG,,,,,,,,,,,,,
CERELAC MULTRIGRAIN FRUIT BABY FOOD,,8.90E+12,NESTLE,,,,,,257,,,,CERELACMULTRIGRAINFRUITBABYFOOD.JPG/.JPEG,,,,,,,,,,,,,
CERELAC WHEAT-RICE MIXED FRUIT BABY FOOD,,8.90E+12,NESTLE,,,,,,246,,,,CERELACWHEATRICEMIXEDFRUITBABYFOOD.JPG/.JPEG,,,,,,,,,,,,,
CERELAC WHEAT APPLE CHERRY BABY FOOD,,8.90E+12,NESTLE,,,,,,220,,,,CERELACWHEATAPPLECHERRYBABYFOOD.JPG/.JPEG,,,,,,,,,,,,,
CERELAC WHEAT APPLE  BABY FOOD,,8.90E+12,NESTLE,,,,,,190,,,,CERELACWHEATAPPLEBABYFOOD.JPG/.JPEG,,,,,,,,,,,,,
MAGGI RICH TOMATO SAUCE,,8.90E+12,NESTLE,,,,,,99,,,,MAGGIRICHTOMATOSAUCE.JPG/.JPEG,,,,,,,,,,,,,
MAGGI HOT & SWEET SAUCE,,8.90E+12,NESTLE,,,,,,110,,,,MAGGIHOT&SWEETSAUCE.JPG/.JPEG,,,,,,,,,,,,,
MAGGI RICH TOMATO SAUCE,,8.90E+12,NESTLE,,,,,,147,,,,MAGGIRICHTOMATOSAUCE.JPG/.JPEG,,,,,,,,,,,,,
MAGGI HOT & SWEET SAUCE,,8.90E+12,NESTLE,,,,,,160,,,,MAGGIHOT&SWEETSAUCE.JPG/.JPEG,,,,,,,,,,,,,
MAGGIE ATTA ,,8.90E+12,NESTLE,,,,,,86,,,,MAGGIEATTA.JPG/.JPEG,,,,,,,,,,,,,
MAAGIE MASALA 4 PACK,,8.90E+12,NESTLE,,,,,,46,,,,MAAGIEMASALAPACK.JPG/.JPEG,,,,,,,,,,,,,
MAAGIE MASALA 6 PACK,,8.90E+12,NESTLE,,,,,,68,,,,MAAGIEMASALAPACK.JPG/.JPEG,,,,,,,,,,,,,
NIVEA SOFT MOISTURISER,,42204169,NIVEA,,,,,,85,,,,NIVEASOFTMOISTURISER.JPG/.JPEG,,,,,,,,,,,,,
NIVEA SOFT MOISTURISER,,42204091,NIVEA,,,,,,160,,,,NIVEASOFTMOISTURISER.JPG/.JPEG,,,,,,,,,,,,,
NIVEA SOFT MOISTURISER,,42204084,NIVEA,,,,,,310,,,,NIVEASOFTMOISTURISER.JPG/.JPEG,,,,,,,,,,,,,
ELAICHI,,,NOVA,,,,,,10,,,,ELAICHI.JPG/.JPEG,,,,,,,,,,,,,
SOYA BARI,,8.91E+12,NUTRELA,,,,,,45,,,,SOYABARI.JPG/.JPEG,,,,,,,,,,,,,
SOYA CHURA,,8.91E+12,NUTRELA,,,,,,45,,,,SOYACHURA.JPG/.JPEG,,,,,,,,,,,,,
SOYA MINI CHUNKS,,8.91E+12,NUTRELA,,,,,,45,,,,SOYAMINICHUNKS.JPG/.JPEG,,,,,,,,,,,,,
BATHROOM FRESHENER,,8.90E+12,ODONIL,,,,,,141,,,,BATHROOMFRESHENER.JPG/.JPEG,,,,,,,,,,,,,
GREEN TEA CLASSIC,,8.02E+11,ORGANIC INDIA,,,,,,174,,,,GREENTEACLASSIC.JPG/.JPEG,,,,,,,,,,,,,
GREEN TEA TULSI SWEET ROSE,,8.02E+11,ORGANIC INDIA,,,,,,148,,,,GREENTEATULSISWEETROSE.JPG/.JPEG,,,,,,,,,,,,,
GREEN TEA SWEET LEMON TEA,,8.02E+11,ORGANIC INDIA,,,,,,154,,,,GREENTEASWEETLEMONTEA.JPG/.JPEG,,,,,,,,,,,,,
GREEN TEA POMEGRANATE,,8.02E+11,ORGANIC INDIA,,,,,,174,,,,GREENTEAPOMEGRANATE.JPG/.JPEG,,,,,,,,,,,,,
GREEN TEA TULSI MULETHI,,8.02E+11,ORGANIC INDIA,,,,,,148,,,,GREENTEATULSIMULETHI.JPG/.JPEG,,,,,,,,,,,,,
GREEN TEA EARLY GREY,,8.02E+11,ORGANIC INDIA,,,,,,174,,,,GREENTEAEARLYGREY.JPG/.JPEG,,,,,,,,,,,,,
GREEN TEA AYUSH KWATH,,8.02E+11,ORGANIC INDIA,,,,,,184,,,,GREENTEAAYUSHKWATH.JPG/.JPEG,,,,,,,,,,,,,
GREEN TEA GINGER TURMERIC,,8.02E+11,ORGANIC INDIA,,,,,,148,,,,GREENTEAGINGERTURMERIC.JPG/.JPEG,,,,,,,,,,,,,
GREEN TEA JASMINE,,8.02E+11,ORGANIC INDIA,,,,,,174,,,,GREENTEAJASMINE.JPG/.JPEG,,,,,,,,,,,,,
GREEN TEA TULSI GINGER,,8.02E+11,ORGANIC INDIA,,,,,,148,,,,GREENTEATULSIGINGER.JPG/.JPEG,,,,,,,,,,,,,
GREEN TEA ASHWAGANDHA,,8.02E+11,ORGANIC INDIA,,,,,,174,,,,GREENTEAASHWAGANDHA.JPG/.JPEG,,,,,,,,,,,,,
GREEN TEA TULSI JASMINE,,8.02E+11,ORGANIC INDIA,,,,,,174,,,,GREENTEATULSIJASMINE.JPG/.JPEG,,,,,,,,,,,,,
PANTENE ADVANCE SOLUTION SHAMPOO,,4.90E+12,P&G,,,,,,550,,,,PANTENEADVANCESOLUTIONSHAMPOO.JPG/.JPEG,,,,,,,,,,,,,
PANTENE ADVANCE SOLUTION SHAMPOO,,4.90E+12,P&G,,,,,,225,,,,PANTENEADVANCESOLUTIONSHAMPOO.JPG/.JPEG,,,,,,,,,,,,,
PANTENE HAIRFALL CONTROL 2IN1,,4.90E+12,P&G,,,,,,150,,,,PANTENEHAIRFALLCONTROLIN.JPG/.JPEG,,,,,,,,,,,,,
PANTENE SILKY SMOOTH CARE,,4.90E+12,P&G,,,,,,120,,,,PANTENESILKYSMOOTHCARE.JPG/.JPEG,,,,,,,,,,,,,
HEAD AND SHOULDER SILKY BLACK SHAMPOO,,4.90E+12,P&G,,,,,,600,,,,HEADANDSHOULDERSILKYBLACKSHAMPOO.JPG/.JPEG,,,,,,,,,,,,,
HEAD AND SHOULDER SILKY BLACK SHAMPOO,,4.90E+12,P&G,,,,,,285,,,,HEADANDSHOULDERSILKYBLACKSHAMPOO.JPG/.JPEG,,,,,,,,,,,,,
HEAD AND SHOULDER ANTI-HAIRFALL SHAMPOO,,4.90E+12,P&G,,,,,,285,,,,HEADANDSHOULDERANTIHAIRFALLSHAMPOO.JPG/.JPEG,,,,,,,,,,,,,
HEAD AND SHOULDER SMOOTH & SILKY SHAMPOO,,4.90E+12,P&G,,,,,,150,,,,HEADANDSHOULDERSMOOTH&SILKYSHAMPOO.JPG/.JPEG,,,,,,,,,,,,,
VENUS RAZOR GIRLS,,4.90E+12,P&G,,,,,,220,,,,VENUSRAZORGIRLS.JPG/.JPEG,,,,,,,,,,,,,
PRESTO RAZOR,,4.90E+12,P&G,,,,,,20,,,,PRESTORAZOR.JPG/.JPEG,,,,,,,,,,,,,
GILLETTE AFTER SHAVE,,4.90E+12,P&G,,,,,,469,,,,GILLETTEAFTERSHAVE.JPG/.JPEG,,,,,,,,,,,,,
GILLETTE AFTER SHAVE,,4.90E+12,P&G,,,,,,268,,,,GILLETTEAFTERSHAVE.JPG/.JPEG,,,,,,,,,,,,,
GILLETTE FUSION BLADE 2NOS,,4.90E+12,P&G,,,,,,500,,,,GILLETTEFUSIONBLADENOS.JPG/.JPEG,,,,,,,,,,,,,
GILLETTE FUSION BLADE 2NOS,,4.90E+12,P&G,,,,,,550,,,,GILLETTEFUSIONBLADENOS.JPG/.JPEG,,,,,,,,,,,,,
GILLETTE FUSION BLADE 4 NOS,,4.90E+12,P&G,,,,,,900,,,,GILLETTEFUSIONBLADENOS.JPG/.JPEG,,,,,,,,,,,,,
GILLETTE FUSION BLADE 8 NOS,,4.90E+12,P&G,,,,,,"1,599.00",,,,GILLETTEFUSIONBLADENOS.JPG/.JPEG,,,,,,,,,,,,,
GILLETTE FUSION RAZOR ,,4.90E+12,P&G,,,,,,350,,,,GILLETTEFUSIONRAZOR.JPG/.JPEG,,,,,,,,,,,,,
GILLETTE MACH 3 BLADES 2 NOS,,4.90E+12,P&G,,,,,,260,,,,GILLETTEMACHBLADESNOS.JPG/.JPEG,,,,,,,,,,,,,
GILLETTE MACH 3 BLADES 8 NOS,,4.90E+12,P&G,,,,,,840,,,,GILLETTEMACHBLADESNOS.JPG/.JPEG,,,,,,,,,,,,,
GILLETTE VECTOR BLADES 6 NOS,,4.90E+12,P&G,,,,,,150,,,,GILLETTEVECTORBLADESNOS.JPG/.JPEG,,,,,,,,,,,,,
GILLETTE VECTOR BLADES 4 NOS,,4.90E+12,P&G,,,,,,110,,,,GILLETTEVECTORBLADESNOS.JPG/.JPEG,,,,,,,,,,,,,
GILLETTE MACH 3 BLADES 12 NOS,,4.90E+12,P&G,,,,,,"1,175.00",,,,GILLETTEMACHBLADESNOS.JPG/.JPEG,,,,,,,,,,,,,
VENUS RAZOR GIRLS,,4.99E+12,P&G,,,,,,70,,,,VENUSRAZORGIRLS.JPG/.JPEG,,,,,,,,,,,,,
GILLETTE GUARD RAZOR,,4.90E+12,P&G,,,,,,22,,,,GILLETTEGUARDRAZOR.JPG/.JPEG,,,,,,,,,,,,,
VENUS BREEZE RAZOR GIRLS,,4.90E+12,P&G,,,,,,350,,,,VENUSBREEZERAZORGIRLS.JPG/.JPEG,,,,,,,,,,,,,
GILLETTE MACH 3 BLADES 4 NOS,,4.90E+12,P&G,,,,,,475,,,,GILLETTEMACHBLADESNOS.JPG/.JPEG,,,,,,,,,,,,,
GILLETTE REGULAR SHAVING FOAM,,4.90E+12,P&G,,,,,,85,,,,GILLETTEREGULARSHAVINGFOAM.JPG/.JPEG,,,,,,,,,,,,,
GILLETTE REGULAR SHAVING FOAM,,4.90E+12,P&G,,,,,,125,,,,GILLETTEREGULARSHAVINGFOAM.JPG/.JPEG,,,,,,,,,,,,,
GILLETTE REGULAR SHAVING FOAM,,4.90E+12,P&G,,,,,,199,,,,GILLETTEREGULARSHAVINGFOAM.JPG/.JPEG,,,,,,,,,,,,,
GILLETTE SENSATIVE SHAVING FOAM,,4.90E+12,P&G,,,,,,199,,,,GILLETTESENSATIVESHAVINGFOAM.JPG/.JPEG,,,,,,,,,,,,,
GILLETTE VECTOR RAZOR,,4.90E+12,P&G,,,,,,60,,,,GILLETTEVECTORRAZOR.JPG/.JPEG,,,,,,,,,,,,,
GILLETTE MACH3 RAZOR,,4.90E+12,P&G,,,,,,185,,,,GILLETTEMACH3RAZOR.JPG/.JPEG,,,,,,,,,,,,,
GILLETTE SHAVE GEL,,4.90E+12,P&G,,,,,,85,,,,GILLETTESHAVEGEL.JPG/.JPEG,,,,,,,,,,,,,
PAMPERS LARGE,,4.90E+12,P&G,,,,,,699,,,,PAMPERSLARGE.JPG/.JPEG,,,,,,,,,,,,,
PAMPERS MEDIUM,,4.90E+12,P&G,,,,,,699,,,,PAMPERSMEDIUM.JPG/.JPEG,,,,,,,,,,,,,
PAMPERS SMALL,,4.90E+12,P&G,,,,,,699,,,,PAMPERSSMALL.JPG/.JPEG,,,,,,,,,,,,,
PAMPERS X LARGE,,4.90E+12,P&G,,,,,,399,,,,PAMPERSXLARGE.JPG/.JPEG,,,,,,,,,,,,,
PAMPERS LARGE,,4.90E+12,P&G,,,,,,199,,,,PAMPERSLARGE.JPG/.JPEG,,,,,,,,,,,,,
PAMPERS MEDIUM,,4.90E+12,P&G,,,,,,199,,,,PAMPERSMEDIUM.JPG/.JPEG,,,,,,,,,,,,,
PAMPERS SMALL,,4.90E+12,P&G,,,,,,199,,,,PAMPERSSMALL.JPG/.JPEG,,,,,,,,,,,,,
WHISPER ULTRA CLEAN,,4.90E+12,P&G,,,,,,430,,,,WHISPERULTRACLEAN.JPG/.JPEG,,,,,,,,,,,,,
WHISPER ULTRA CLEAN,,4.90E+12,P&G,,,,,,298,,,,WHISPERULTRACLEAN.JPG/.JPEG,,,,,,,,,,,,,
WHISPER ULTRA CLEAN,,4.90E+12,P&G,,,,,,170,,,,WHISPERULTRACLEAN.JPG/.JPEG,,,,,,,,,,,,,
WHISPER ULTRA SOFT AIR FRESH,,4.99E+12,P&G,,,,,,315,,,,WHISPERULTRASOFTAIRFRESH.JPG/.JPEG,,,,,,,,,,,,,
WHISPER MAXI FIT REGULAR,,4.90E+12,P&G,,,,,,80,,,,WHISPERMAXIFITREGULAR.JPG/.JPEG,,,,,,,,,,,,,
WHISPER MAXI FIT L WINGS,,4.90E+12,P&G,,,,,,143,,,,WHISPERMAXIFITLWINGS.JPG/.JPEG,,,,,,,,,,,,,
WHISPER ULTRA NIGHTS XL +,,4.90E+12,P&G,,,,,,175,,,,WHISPERULTRANIGHTSXL.JPG/.JPEG,,,,,,,,,,,,,
WHISPER ULTRA NIGHTS XL +,,4.90E+12,P&G,,,,,,319,,,,WHISPERULTRANIGHTSXL.JPG/.JPEG,,,,,,,,,,,,,
TIDE EXTRA POWER,,4.90E+12,P&G,,,,,,840,,,,TIDEEXTRAPOWER.JPG/.JPEG,,,,,,,,,,,,,
TIDE EXTRA POWER,,4.90E+12,P&G,,,,,,725,,,,TIDEEXTRAPOWER.JPG/.JPEG,,,,,,,,,,,,,
TIDE EXTRA POWER,,4.90E+12,P&G,,,,,,465,,,,TIDEEXTRAPOWER.JPG/.JPEG,,,,,,,,,,,,,
ARIEL MATIC TOP LOAD,,4.99E+12,P&G,,,,,,"1,100.00",,,,ARIELMATICTOPLOAD.JPG/.JPEG,,,,,,,,,,,,,
ARIEL MATIC FRONT LOAD,,4.99E+12,P&G,,,,,,"1,200.00",,,,ARIELMATICFRONTLOAD.JPG/.JPEG,,,,,,,,,,,,,
TIDE EXTRA POWER,,4.90E+12,P&G,,,,,,96,,,,TIDEEXTRAPOWER.JPG/.JPEG,,,,,,,,,,,,,
ARIEL COMPLETE,,4.90E+12,P&G,,,,,,280,,,,ARIELCOMPLETE.JPG/.JPEG,,,,,,,,,,,,,
ARIEL FRONT LOAD,,4.99E+12,P&G,,,,,,250,,,,ARIELFRONTLOAD.JPG/.JPEG,,,,,,,,,,,,,
ARIEL TOP LOAD,,4.90E+12,P&G,,,,,,230,,,,ARIELTOPLOAD.JPG/.JPEG,,,,,,,,,,,,,
AAA BATTERY,,89003565,PANASONIC,,,,,,10,,,,AAABATTERY.JPG/.JPEG,,,,,,,,,,,,,
AA BATTERY,,8.90E+12,PANASONIC,,,,,,10,,,,AABATTERY.JPG/.JPEG,,,,,,,,,,,,,
ALUMINIUM FOIL BLUE,,8.91E+12,PARAMOUNT,,,,,,80,,,,ALUMINIUMFOILBLUE.JPG/.JPEG,,,,,,,,,,,,,
ALUMINIUM FOIL RED,,8.91E+12,PARAMOUNT,,,,,,150,,,,ALUMINIUMFOILRED.JPG/.JPEG,,,,,,,,,,,,,
ALUMINIUM FOIL RED,,8.91E+12,PARAMOUNT,,,,,,450,,,,ALUMINIUMFOILRED.JPG/.JPEG,,,,,,,,,,,,,
ALUMINIUM FOIL GREEN,,8.91E+12,PARAMOUNT,,,,,,550,,,,ALUMINIUMFOILGREEN.JPG/.JPEG,,,,,,,,,,,,,
DISPOSABLE GLASS COLA,,,PARAS PLASTICS,,,,,,5,,,,DISPOSABLEGLASSCOLA.JPG/.JPEG,,,,,,,,,,,,,
BEER SHAMPOO DAMAGE FREE,,8.90E+12,PARK AVENUE,,,,,,155,,,,BEERSHAMPOODAMAGEFREE.JPG/.JPEG,,,,,,,,,,,,,
PARK AVENUE VOYAGE DEO,,8.90E+12,PARK AVENUE,,,,,,240,,,,PARKAVENUEVOYAGEDEO.JPG/.JPEG,,,,,,,,,,,,,
PARK AVENUE AFTER SHAVE LOTION,,8.90E+12,PARK AVENUE,,,,,,125,,,,PARKAVENUEAFTERSHAVELOTION.JPG/.JPEG,,,,,,,,,,,,,
MONACO,,8.90E+12,PARLE,,,,,,5,,,,MONACO.JPG/.JPEG,,,,,,,,,,,,,
MONACO,,8.90E+12,PARLE,,,,,,10,,,,MONACO.JPG/.JPEG,,,,,,,,,,,,,
APPY FIZZ,,8.90E+12,PARLE AGRO,,,,,,33,,,,APPYFIZZ.JPG/.JPEG,,,,,,,,,,,,,
FROOTI ,,8.90E+12,PARLE AGRO,,,,,,10,,,,FROOTI.JPG/.JPEG,,,,,,,,,,,,,
PARLE-G,,8.90E+12,PARLE-G,,,,,,5,,,,PARLEG.JPG/.JPEG,,,,,,,,,,,,,
TOILET ROLL 2 PLY,,8.91E+12,PASEO,,,,,,350,,,,TOILETROLLPLY.JPG/.JPEG,,,,,,,,,,,,,
TISSUE PAPER 1 PLY,,8.91E+12,PASEO,,,,,,60,,,,TISSUEPAPERPLY.JPG/.JPEG,,,,,,,,,,,,,
TOOTHPASTE,,8.91E+12,PATANJALI,,,,,,45,,,,TOOTHPASTEP.JPG/.JPEG,,,,,,,,,,,,,
TOOTHPASTE,,8.91E+12,PATANJALI,,,,,,85,,,,TOOTHPASTE.JPG/.JPEG,,,,,,,,,,,,,
HONEY,,8.90E+12,PATANJALI,,,,,,75,,,,HONEYP.JPG/.JPEG,,,,,,,,,,,,,
HONEY,,8.90E+12,PATANJALI,,,,,,145,,,,HONEYP.JPG/.JPEG,,,,,,,,,,,,,
HONEY,,8.90E+12,PATANJALI,,,,,,275,,,,HONEYP.JPG/.JPEG,,,,,,,,,,,,,
KESH KANTI HAIR OIL,,8.90E+12,PATANJALI,,,,,,150,,,,KESHKANTIHAIROIL.JPG/.JPEG,,,,,,,,,,,,,
ALOE VERA GEL,,8.90E+12,PATANJALI,,,,,,90,,,,ALOEVERAGEL.JPG/.JPEG,,,,,,,,,,,,,
ALOE VERA GEL,,8.90E+12,PATANJALI,,,,,,45,,,,ALOEVERAGEL.JPG/.JPEG,,,,,,,,,,,,,
SAUNDARYA FACE WASH,,8.90E+12,PATANJALI,,,,,,60,,,,SAUNDARYAFACEWASH.JPG/.JPEG,,,,,,,,,,,,,
SAUNDARYA FACE WASH,,8.90E+12,PATANJALI,,,,,,90,,,,SAUNDARYAFACEWASH.JPG/.JPEG,,,,,,,,,,,,,
KESH KANTI NATURAL SHAMPOO,,8.90E+12,PATANJALI,,,,,,75,,,,KESHKANTINATURALSHAMPOO.JPG/.JPEG,,,,,,,,,,,,,
KESH KANTI REETHA SHAMPOO,,8.90E+12,PATANJALI,,,,,,85,,,,KESHKANTIREETHASHAMPOO.JPG/.JPEG,,,,,,,,,,,,,
DANT KANTI NATURAL TOOTHPASTE,,8.90E+12,PATANJALI,,,,,,45,,,,DANTKANTINATURALTOOTHPASTE.JPG/.JPEG,,,,,,,,,,,,,
DANT KANTI NATURAL TOOTHPASTE,,8.90E+12,PATANJALI,,,,,,85,,,,DANTKANTINATURALTOOTHPASTE.JPG/.JPEG,,,,,,,,,,,,,
DANT KANTI DENTAL CREAM,,8.90E+12,PATANJALI,,,,,,90,,,,DANTKANTIDENTALCREAM.JPG/.JPEG,,,,,,,,,,,,,
DANT KANTI NATURAL TOOTHPASTE COMBO,,8.90E+12,PATANJALI,,,,,,130,,,,DANTKANTINATURALTOOTHPASTECOMBO.JPG/.JPEG,,,,,,,,,,,,,
DESI GHEE,,8.90E+12,PATANJALI COW,,,,,,565,,,,DESIGHEEP.JPG/.JPEG,,,,,,,,,,,,,
MOUNTAIN DEW 1.25L,,8.90E+12,PEPSICO,,,,,,60,,,,MOUNTAINDEW25L.JPG/.JPEG,,,,,,,,,,,,,
ANNE FRENCH HAIR REMOVER LEMON,,8.90E+12,PFIZER ,,,,,,65,,,,ANNEFRENCHHAIRREMOVERLEMON.JPG/.JPEG,,,,,,,,,,,,,
ANNE FRENCH HAIR REMOVER ROSE,,8.90E+12,PFIZER ,,,,,,65,,,,ANNEFRENCHHAIRREMOVERROSE.JPG/.JPEG,,,,,,,,,,,,,
FACEWASH WHITE BEAUTY,,8.90E+12,PONDS,,,,,,79,,,,FACEWASHWHITEBEAUTY.JPG/.JPEG,,,,,,,,,,,,,
FACEWASH PURE WHITE,,8.90E+12,PONDS,,,,,,95,,,,FACEWASHPUREWHITE.JPG/.JPEG,,,,,,,,,,,,,
FACEWASH WHITE BEAUTY,,8.90E+12,PONDS,,,,,,149,,,,FACEWASHWHITEBEAUTY.JPG/.JPEG,,,,,,,,,,,,,
COCO POWDER,,8.91E+12,POSTER,,,,,,100,,,,COCOPOWDER.JPG/.JPEG,,,,,,,,,,,,,
PRIL GREASE FIGHTER,,8.90E+12,PRIL,,,,,,395,,,,PRILGREASEFIGHTER.JPG/.JPEG,,,,,,,,,,,,,
PROTINEX VANILLA HEALTH FOOD,,8.91E+12,PROTINEX,,,,,,350,,,,PROTINEXVANILLAHEALTHFOOD.JPG/.JPEG,,,,,,,,,,,,,
PROTINEX ORIGINAL HEALTH FOOD,,8.91E+12,PROTINEX,,,,,,380,,,,PROTINEXORIGINALHEALTHFOOD.JPG/.JPEG,,,,,,,,,,,,,
PROTINEX CHOCOLATE HEALTH FOOD,,8.91E+12,PROTINEX,,,,,,350,,,,PROTINEXCHOCOLATEHEALTHFOOD.JPG/.JPEG,,,,,,,,,,,,,
PROTINEX VANILLA HEALTH FOOD,,8.91E+12,PROTINEX,,,,,,550,,,,PROTINEXVANILLAHEALTHFOOD.JPG/.JPEG,,,,,,,,,,,,,
PROTINEX ORIGINAL HEALTH FOOD,,8.91E+12,PROTINEX,,,,,,595,,,,PROTINEXORIGINALHEALTHFOOD.JPG/.JPEG,,,,,,,,,,,,,
PROTINEX CHOCOLATE HEALTH FOOD,,8.91E+12,PROTINEX,,,,,,550,,,,PROTINEXCHOCOLATEHEALTHFOOD.JPG/.JPEG,,,,,,,,,,,,,
BESAN,,,RAJDHANI,,,,,,60,,,,BESAN.JPG/.JPEG,,,,,,,,,,,,,
SOOJI,,,RAJDHANI,,,,,,39,,,,SOOJI.JPG/.JPEG,,,,,,,,,,,,,
DALIYA,,,RAJDHANI,,,,,,39,,,,DALIYA.JPG/.JPEG,,,,,,,,,,,,,
MAIDA,,,RAJDHANI,,,,,,39,,,,MAIDA.JPG/.JPEG,,,,,,,,,,,,,
POHA,,,RAJDHANI,,,,,,50,,,,POHA.JPG/.JPEG,,,,,,,,,,,,,
DISPOSABLE GLASS DRINKS,,,RAJESH PLASTIC,,,,,,10,,,,DISPOSABLEGLASSDRINKS.JPG/.JPEG,,,,,,,,,,,,,
HING,,8.90E+12,RAMDEV,,,,,,25,,,,HING.JPG/.JPEG,,,,,,,,,,,,,
VANASPATI GHEE,,8.91E+12,RATH,,,,,,130,,,,VANASPATIGHEE.JPG/.JPEG,,,,,,,,,,,,,
HARPIC,,,RECKITT BENCKISER,,,,,,151,,,,HARPIC.JPG/.JPEG,,,,,,,,,,,,,
HARPIC,,,RECKITT BENCKISER,,,,,,86,,,,HARPIC.JPG/.JPEG,,,,,,,,,,,,,
HARPIC,,,RECKITT BENCKISER,,,,,,37,,,,HARPIC.JPG/.JPEG,,,,,,,,,,,,,
RED HARPIC,,,RECKITT BENCKISER,,,,,,91,,,,REDHARPIC.JPG/.JPEG,,,,,,,,,,,,,
DETTOL BATH SOAP,,8.90E+12,RECKITT BENCKISER,,,,,,200,,,,DETTOLBATHSOAP.JPG/.JPEG,,,,,,,,,,,,,
DETTOL BATH SOAP,,8.90E+12,RECKITT BENCKISER,,,,,,200,,,,DETTOLBATHSOAP.JPG/.JPEG,,,,,,,,,,,,,
DETTOL LIQUID HAND WASH,,8.90E+12,RECKITT BENCKISER,,,,,,149,,,,DETTOLLIQUIDHANDWASH.JPG/.JPEG,,,,,,,,,,,,,
DETTOL LIQUID HAND WASH,,8.90E+12,RECKITT BENCKISER,,,,,,99,,,,DETTOLLIQUIDHANDWASH.JPG/.JPEG,,,,,,,,,,,,,
DERMI COOL POWDER + Dettol SOAP,,8.90E+12,RECKITT BENCKISER,,,,,,112,,,,DERMICOOLPOWDERDettolSOAP.JPG/.JPEG,,,,,,,,,,,,,
VEET HAIR REMOVAL CREAM,,8.90E+12,RECKITT BENCKISER,,,,,,125,,,,VEETHAIRREMOVALCREAM.JPG/.JPEG,,,,,,,,,,,,,
VEET HAIR REMOVAL CREAM NIKHAAR,,8.90E+12,RECKITT BENCKISER,,,,,,82,,,,VEETHAIRREMOVALCREAMNIKHAAR.JPG/.JPEG,,,,,,,,,,,,,
VEET FULL BODY WAXING KIT,,8.90E+12,RECKITT BENCKISER,,,,,,199,,,,VEETFULLBODYWAXINGKIT.JPG/.JPEG,,,,,,,,,,,,,
VEET HALF BODY WAXING KIT,,8.90E+12,RECKITT BENCKISER,,,,,,99,,,,VEETHALFBODYWAXINGKIT.JPG/.JPEG,,,,,,,,,,,,,
DETTOL DISINFECTANT LIQUID,,8.90E+12,RECKITT BENCKISER,,,,,,193,,,,DETTOLDISINFECTANTLIQUID.JPG/.JPEG,,,,,,,,,,,,,
DETTOL ANTISEPTIC LIQUID,,8.90E+12,RECKITT BENCKISER,,,,,,55,,,,DETTOLANTISEPTICLIQUID.JPG/.JPEG,,,,,,,,,,,,,
MOOV PAIN RELIEF BALM,,8.90E+12,RECKITT BENCKISER,,,,,,59,,,,MOOVPAINRELIEFBALM.JPG/.JPEG,,,,,,,,,,,,,
MOOV PAIN RELIEF SPRAY,,8.90E+12,RECKITT BENCKISER,,,,,,130,,,,MOOVPAINRELIEFSPRAY.JPG/.JPEG,,,,,,,,,,,,,
VANISH LIQUID,,8.90E+12,RECKITT BENCKISER,,,,,,105,,,,VANISHLIQUID.JPG/.JPEG,,,,,,,,,,,,,
VANISH LIQUID,,8.90E+12,RECKITT BENCKISER,,,,,,59,,,,VANISHLIQUID.JPG/.JPEG,,,,,,,,,,,,,
HARPIC WHITE & SHINE,,8.90E+12,RECKITT BENCKISER,,,,,,86,,,,HARPICWHITE&SHINE.JPG/.JPEG,,,,,,,,,,,,,
ENERGY DRINK,,90162602,RED BULL,,,,,,115,,,,ENERGYDRINK.JPG/.JPEG,,,,,,,,,,,,,
LIQUID STIFFENER,,,REVIVE,,,,,,129,,,,LIQUIDSTIFFENER.JPG/.JPEG,,,,,,,,,,,,,
MINERAL WATER,,,ROYAL CHALLANGE,,,,,,6,,,,MINERALWATER.JPG/.JPEG,,,,,,,,,,,,,
OLD SPICE AFTERSHAVE LOTION MUSK,,4.90E+12,RUBICON FORMULATIONS,,,,,,120,,,,OLDSPICEAFTERSHAVELOTIONMUSK.JPG/.JPEG,,,,,,,,,,,,,
OLD SPICE AFTERSHAVE LOTION MUSK,,4.90E+12,RUBICON FORMULATIONS,,,,,,199,,,,OLDSPICEAFTERSHAVELOTIONMUSK.JPG/.JPEG,,,,,,,,,,,,,
OLD SPICE AFTERSHAVE LOTION ORIGINAL,,4.90E+12,RUBICON FORMULATIONS,,,,,,235,,,,OLDSPICEAFTERSHAVELOTIONORIGINAL.JPG/.JPEG,,,,,,,,,,,,,
OLD SPICE MUSK SHAVING CREAM,,4.90E+12,RUBICON FORMULATIONS,,,,,,60,,,,OLDSPICEMUSKSHAVINGCREAM.JPG/.JPEG,,,,,,,,,,,,,
REFINED GOLD,,8.90E+12,SAFFOLA,,,,,,139,,,,REFINEDGOLD.JPG/.JPEG,,,,,,,,,,,,,
MASALA OATS,,8.90E+12,SAFFOLA,,,,,,190,,,,MASALAOATS.JPG/.JPEG,,,,,,,,,,,,,
MASALA OATS,,8.90E+12,SAFFOLA,,,,,,190,,,,MASALAOATS.JPG/.JPEG,,,,,,,,,,,,,
MASALA OATS,,8.90E+12,SAFFOLA,,,,,,15,,,,MASALAOATS.JPG/.JPEG,,,,,,,,,,,,,
MASALA OATS,,8.90E+12,SAFFOLA,,,,,,15,,,,MASALAOATS.JPG/.JPEG,,,,,,,,,,,,,
MEDIMIX BATH SOAP,,8.90E+12,SAUNDARYA PRASARAK,,,,,,105,,,,MEDIMIXBATHSOAP.JPG/.JPEG,,,,,,,,,,,,,
MEDIMIX BATH SOAP,,8.90E+12,SAUNDARYA PRASARAK,,,,,,74,,,,MEDIMIXBATHSOAP.JPG/.JPEG,,,,,,,,,,,,,
SAVLON HANDWASH,,8.90E+12,SAVLONN,,,,,,99,,,,SAVLONHANDWASH.JPG/.JPEG,,,,,,,,,,,,,
TONIC WATER ,,8.90E+12,SCHWEPPS,,,,,,50,,,,TONICWATER.JPG/.JPEG,,,,,,,,,,,,,
GINGER ALE,,8.90E+12,SCHWEPPS,,,,,,50,,,,GINGERALE.JPG/.JPEG,,,,,,,,,,,,,
SCOTCH BRITE,,8.90E+12,SCOTCH BRITE,,,,,,35,,,,SCOTCHBRITE.JPG/.JPEG,,,,,,,,,,,,,
SUGAR 1KGS,,,SHAGUN,,,,,,69,,,,SUGARKGS.JPG/.JPEG,,,,,,,,,,,,,
TENDER COCONUT WATER,,8.91E+12,SHAKTI COCO,,,,,,60,,,,TENDERCOCONUTWATER.JPG/.JPEG,,,,,,,,,,,,,
TENDER COCONUT WATER TETRA ,,8.91E+12,SHAKTI COCO,,,,,,40,,,,TENDERCOCONUTWATERTETRA.JPG/.JPEG,,,,,,,,,,,,,
REFINED SUNFLOWER OIL PACK OF 2,,8.90E+12,SUNDROP,,,,,,350,,,,REFINEDSUNFLOWEROILPACKOF.JPG/.JPEG,,,,,,,,,,,,,
YIPPIE,,,SUNFEAST,,,,,,10,,,,YIPPIE.JPG/.JPEG,,,,,,,,,,,,,
SALT,,8.90E+12,TATA,,,,,,20,,,,SALT.JPG/.JPEG,,,,,,,,,,,,,
TATA GOLD TEA,,8.90E+12,TATA,,,,,,130,,,,TATAGOLDTEA.JPG/.JPEG,,,,,,,,,,,,,
TATA GOLD TEA,,8.90E+12,TATA,,,,,,495,,,,TATAGOLDTEA.JPG/.JPEG,,,,,,,,,,,,,
TATA PREMIUM TEA,,8.90E+12,TATA,,,,,,125,,,,TATAPREMIUMTEA.JPG/.JPEG,,,,,,,,,,,,,
TATA PREMIUM TEA,,8.90E+12,TATA,,,,,,417,,,,TATAPREMIUMTEA.JPG/.JPEG,,,,,,,,,,,,,
TATA PREMIUM TEA,,8.90E+12,TATA,,,,,,209,,,,TATAPREMIUMTEA.JPG/.JPEG,,,,,,,,,,,,,
ARHAR TOOR DAL,,,TATA SAMPANN,,,,,,76,,,,ARHARTOORDAL.JPG/.JPEG,,,,,,,,,,,,,
ARHAR TOOR DAL,,,TATA SAMPANN,,,,,,149,,,,ARHARTOORDAL.JPG/.JPEG,,,,,,,,,,,,,
KALI MASOOR SABUT,,8.90E+12,TATA SAMPANN,,,,,,130,,,,KALIMASOORSABUT.JPG/.JPEG,,,,,,,,,,,,,
MASOOR DAL WHOLE,,8.90E+12,TATA SAMPANN,,,,,,69,,,,MASOORDALWHOLE.JPG/.JPEG,,,,,,,,,,,,,
MASOOR DAL MALKA,,8.90E+12,TATA SAMPANN,,,,,,71,,,,MASOORDALMALKA.JPG/.JPEG,,,,,,,,,,,,,
MASOOR DAL MALKA,,8.90E+12,TATA SAMPANN,,,,,,140,,,,MASOORDALMALKA.JPG/.JPEG,,,,,,,,,,,,,
MOONG SABUT,,8.90E+12,TATA SAMPANN,,,,,,83,,,,MOONGSABUT.JPG/.JPEG,,,,,,,,,,,,,
MOONG DHULI,,8.90E+12,TATA SAMPANN,,,,,,96,,,,MOONGDHULI.JPG/.JPEG,,,,,,,,,,,,,
MOONG CHILKA,,8.90E+12,TATA SAMPANN,,,,,,86,,,,MOONGCHILKA.JPG/.JPEG,,,,,,,,,,,,,
CHANA DAL ,,8.90E+12,TATA SAMPANN,,,,,,53,,,,CHANADAL.JPG/.JPEG,,,,,,,,,,,,,
CHANA DAL ,,8.90E+12,TATA SAMPANN,,,,,,115,,,,CHANADAL.JPG/.JPEG,,,,,,,,,,,,,
KALA CHANA,,8.90E+12,TATA SAMPANN,,,,,,61,,,,KALACHANA.JPG/.JPEG,,,,,,,,,,,,,
KABULI CHANA,,8.90E+12,TATA SAMPANN,,,,,,71,,,,KABULICHANA.JPG/.JPEG,,,,,,,,,,,,,
KABULI CHANA,,8.90E+12,TATA SAMPANN,,,,,,150,,,,KABULICHANA.JPG/.JPEG,,,,,,,,,,,,,
LOBIYA,,8.90E+12,TATA SAMPANN,,,,,,76,,,,LOBIYA.JPG/.JPEG,,,,,,,,,,,,,
URAD SABUT,,8.90E+12,TATA SAMPANN,,,,,,81,,,,URADSABUT.JPG/.JPEG,,,,,,,,,,,,,
URAD DHULI,,8.90E+12,TATA SAMPANN,,,,,,91,,,,URADDHULI.JPG/.JPEG,,,,,,,,,,,,,
RAJMA,,8.90E+12,TATA SAMPANN,,,,,,91,,,,RAJMA.JPG/.JPEG,,,,,,,,,,,,,
CHILLI POWDER,,8.90E+12,TATA SAMPANN,,,,,,84,,,,CHILLIPOWDER.JPG/.JPEG,,,,,,,,,,,,,
CHILLI POWDER,,8.90E+12,TATA SAMPANN,,,,,,40,,,,CHILLIPOWDER.JPG/.JPEG,,,,,,,,,,,,,
TURMERIC POWDER,,8.90E+12,TATA SAMPANN,,,,,,62,,,,TURMERICPOWDER.JPG/.JPEG,,,,,,,,,,,,,
TURMERIC POWDER,,8.90E+12,TATA SAMPANN,,,,,,31,,,,TURMERICPOWDER.JPG/.JPEG,,,,,,,,,,,,,
CORRIANDER POWDER,,8.90E+12,TATA SAMPANN,,,,,,65,,,,CORRIANDERPOWDER.JPG/.JPEG,,,,,,,,,,,,,
CORRIANDER POWDER,,8.90E+12,TATA SAMPANN,,,,,,31,,,,CORRIANDERPOWDER.JPG/.JPEG,,,,,,,,,,,,,
KASURI METHI,,8.90E+12,TATA SAMPANN,,,,,,28,,,,KASURIMETHI.JPG/.JPEG,,,,,,,,,,,,,
ROCK SALT,,8.90E+12,TATA SAMPANN,,,,,,120,,,,ROCKSALT.JPG/.JPEG,,,,,,,,,,,,,
RED LABEL,,,TEA,,,,,,105,,,,REDLABEL.JPG/.JPEG,,,,,,,,,,,,,
RED LABEL,,,TEA,,,,,,210,,,,REDLABEL.JPG/.JPEG,,,,,,,,,,,,,
WAG-BAGHRI,,,TEA,,,,,,110,,,,WAGBAGHRI.JPG/.JPEG,,,,,,,,,,,,,
TAJ MAHAL,,,TEA,,,,,,130,,,,TAJMAHAL.JPG/.JPEG,,,,,,,,,,,,,
TATA TEA GOLD,,,TEA,,,,,,125,,,,TATATEAGOLD.JPG/.JPEG,,,,,,,,,,,,,
TATA PREIUM,,,TEA,,,,,,105,,,,TATAPREIUM.JPG/.JPEG,,,,,,,,,,,,,
TOPS PLAIN NOODLES,,8.90E+12,TOPS,,,,,,50,,,,TOPSPLAINNOODLES.JPG/.JPEG,,,,,,,,,,,,,
TOPS VANILLA CUSTARD POWDER,,8.90E+12,TOPS,,,,,,38,,,,TOPSVANILLACUSTARDPOWDER.JPG/.JPEG,,,,,,,,,,,,,
TOPS MIXED PICKLE,,8.90E+12,TOPS,,,,,,165,,,,TOPSMIXEDPICKLE.JPG/.JPEG,,,,,,,,,,,,,
TOPS MANGO PICKLE,,8.90E+12,TOPS,,,,,,165,,,,TOPSMANGOPICKLE.JPG/.JPEG,,,,,,,,,,,,,
TOPS GREEN CHILLI PICKLE,,8.90E+12,TOPS,,,,,,165,,,,TOPSGREENCHILLIPICKLE.JPG/.JPEG,,,,,,,,,,,,,
TOPS PREMIUM VINEGAR,,8.90E+12,TOPS,,,,,,52,,,,TOPSPREMIUMVINEGAR.JPG/.JPEG,,,,,,,,,,,,,
TOPS GREEN CHILLI SAUCE,,8.90E+12,TOPS,,,,,,67,,,,TOPSGREENCHILLISAUCE.JPG/.JPEG,,,,,,,,,,,,,
TOPS SOYA SAUCE,,8.90E+12,TOPS,,,,,,69,,,,TOPSSOYASAUCE.JPG/.JPEG,,,,,,,,,,,,,
TOPS SNACKS SAUCE,,8.90E+12,TOPS,,,,,,72,,,,TOPSSNACKSSAUCE.JPG/.JPEG,,,,,,,,,,,,,
TOPS SNACKS SAUCE,,8.90E+12,TOPS,,,,,,105,,,,TOPSSNACKSSAUCE.JPG/.JPEG,,,,,,,,,,,,,
TOPS SOYA SAUCE,,8.90E+12,TOPS,,,,,,54,,,,TOPSSOYASAUCE.JPG/.JPEG,,,,,,,,,,,,,
TOPS GREEN CHILLI SAUCE,,8.90E+12,TOPS,,,,,,54,,,,TOPSGREENCHILLISAUCE.JPG/.JPEG,,,,,,,,,,,,,
MIX FRUIT JUICE ,,,TROPICANA,,,,,,20,,,,MIXFRUITJUICE.JPG/.JPEG,,,,,,,,,,,,,
MAMY POKO PANTS LARGE,,8.90E+12,UNICHARM INDIA,,,,,,699,,,,MAMYPOKOPANTSLARGE.JPG/.JPEG,,,,,,,,,,,,,
MAMY POKO PANTS MEDIUM,,8.90E+12,UNICHARM INDIA,,,,,,699,,,,MAMYPOKOPANTSMEDIUM.JPG/.JPEG,,,,,,,,,,,,,
MAMY POKO PANTS SMALL,,8.90E+12,UNICHARM INDIA,,,,,,699,,,,MAMYPOKOPANTSSMALL.JPG/.JPEG,,,,,,,,,,,,,
MAMY POKO PANTS LARGE,,8.90E+12,UNICHARM INDIA,,,,,,195,,,,MAMYPOKOPANTSLARGE.JPG/.JPEG,,,,,,,,,,,,,
MAMY POKO PANTS LARGE,,8.90E+12,UNICHARM INDIA,,,,,,199,,,,MAMYPOKOPANTSLARGE.JPG/.JPEG,,,,,,,,,,,,,
MAMY POKO PANTS NEW BORN,,8.90E+12,UNICHARM INDIA,,,,,,199,,,,MAMYPOKOPANTSNEWBORN.JPG/.JPEG,,,,,,,,,,,,,
DENVER BLACKCODE DEO,,8.90E+12,VANESA CARE,,,,,,199,,,,DENVERBLACKCODEDEO.JPG/.JPEG,,,,,,,,,,,,,
DANVER PRIDE DEO,,8.90E+12,VANESA CARE,,,,,,210,,,,DANVERPRIDEDEO.JPG/.JPEG,,,,,,,,,,,,,
DANVER IMPERIAL DEO,,8.90E+12,VANESA CARE,,,,,,210,,,,DANVERIMPERIALDEO.JPG/.JPEG,,,,,,,,,,,,,
VANISH POWDER,,8.90E+12,VANISH,,,,,,199,,,,VANISHPOWDER.JPG/.JPEG,,,,,,,,,,,,,
VANISH POWDER,,8.90E+12,VANISH,,,,,,105,,,,VANISHPOWDER.JPG/.JPEG,,,,,,,,,,,,,
PASTA & PIZZA,,8.91E+12,VEEBA,,,,,,75,,,,PASTA&PIZZA.JPG/.JPEG,,,,,,,,,,,,,
WHITE PASTA DRESSING,,8.91E+12,VEEBA,,,,,,99,,,,WHITEPASTADRESSING.JPG/.JPEG,,,,,,,,,,,,,
EGGLESS MAYONESE,,8.91E+12,VEEBA,,,,,,65,,,,EGGLESSMAYONESE.JPG/.JPEG,,,,,,,,,,,,,
THOUSAND ISLAND,,8.91E+12,VEEBA,,,,,,99,,,,THOUSANDISLAND.JPG/.JPEG,,,,,,,,,,,,,
CARROTS & CUCUMBERS,,8.91E+12,VEEBA,,,,,,75,,,,CARROTS&CUCUMBERS.JPG/.JPEG,,,,,,,,,,,,,
VIM LIQUID,,,VIM,,,,,,20,,,,VIMLIQUID.JPG/.JPEG,,,,,,,,,,,,,
VIM SOAP BAR,,,VIM,,,,,,30,,,,VIMSOAPBAR.JPG/.JPEG,,,,,,,,,,,,,
VIM BAR,,,VIM,,,,,,30,,,,VIMBAR.JPG/.JPEG,,,,,,,,,,,,,
TEJ PATTA,,,VIMAN,,,,,,20,,,,TEJPATTA.JPG/.JPEG,,,,,,,,,,,,,
BLACK PEPPER,,,VIMAN,,,,,,120,,,,BLACKPEPPER.JPG/.JPEG,,,,,,,,,,,,,
BLACK MUSTARD,,,VIMAN,,,,,,35,,,,BLACKMUSTARD.JPG/.JPEG,,,,,,,,,,,,,
SOUFF,,,VIMAN,,,,,,55,,,,SOUFF.JPG/.JPEG,,,,,,,,,,,,,
SMALL ELAICHI,,,VIMAN,,,,,,125,,,,SMALLELAICHI.JPG/.JPEG,,,,,,,,,,,,,
RAI,,,VIMAN,,,,,,30,,,,RAI.JPG/.JPEG,,,,,,,,,,,,,
MEETHA SODA,,,VIMAN,,,,,,35,,,,MEETHASODA.JPG/.JPEG,,,,,,,,,,,,,
LAUNG,,,VIMAN,,,,,,125,,,,LAUNG.JPG/.JPEG,,,,,,,,,,,,,
JEERA,,,VIMAN,,,,,,85,,,,JEERA.JPG/.JPEG,,,,,,,,,,,,,
METHI,,,VIMAN,,,,,,30,,,,METHI.JPG/.JPEG,,,,,,,,,,,,,
FOGG ROYAL DEO,,8.91E+12,VINI COSMETICS,,,,,,185,,,,FOGGROYALDEO.JPG/.JPEG,,,,,,,,,,,,,
FOGG IMPERIAL DEO,,8.91E+12,VINI COSMETICS,,,,,,185,,,,FOGGIMPERIALDEO.JPG/.JPEG,,,,,,,,,,,,,
FOGG NAPOLEON DEO,,8.91E+12,VINI COSMETICS,,,,,,185,,,,FOGGNAPOLEONDEO.JPG/.JPEG,,,,,,,,,,,,,
CUP NOODELS,,,WAI WAI,,,,,,40,,,,CUPNOODELS.JPG/.JPEG,,,,,,,,,,,,,
WILD STONE ULTRA SENSUAL DEO,,8.90E+12,WILD STONE,,,,,,199,,,,WILDSTONEULTRASENSUALDEO.JPG/.JPEG,,,,,,,,,,,,,
WILD STONE LEGEND DEO,,8.90E+12,WILD STONE,,,,,,199,,,,WILDSTONELEGENDDEO.JPG/.JPEG,,,,,,,,,,,,,
WILD STONE FOREST SPICE DEO,,8.90E+12,WILD STONE,,,,,,199,,,,WILDSTONEFORESTSPICEDEO.JPG/.JPEG,,,,,,,,,,,,,
SANTOOR BATH SOAP,,8.90E+12,WIPRO ENTERPRISE,,,,,,98,,,,SANTOORBATHSOAP.JPG/.JPEG,,,,,,,,,,,,,
BUTTER PAPER,,,WRAP IT RIGHT,,,,,,200,,,,BUTTERPAPER.JPG/.JPEG,,,,,,,,,,,,,
ZANDU BALM,,8.90E+12,ZANDU,,,,,,80,,,,ZANDUBALM.JPG/.JPEG,,,,,,,,,,,,,
COMPLAN BOTTLE,,8.90E+12,ZYDUS WELLNESS,,,,,,299,,,,COMPLANBOTTLE.JPG/.JPEG,,,,,,,,,,,,,
COMPLAN CHOCOLATE TETRA,,8.90E+12,ZYDUS WELLNESS,,,,,,280,,,,COMPLANCHOCOLATETETRA.JPG/.JPEG,,,,,,,,,,,,,
COMPLAN KESAR BADAM TETRA,,8.90E+12,ZYDUS WELLNESS,,,,,,315,,,,COMPLANKESARBADAMTETRA.JPG/.JPEG,,,,,,,,,,,,,
EVERYUTH WALNUT SCRUB,,8.90E+12,ZYDUS WELNESS,,,,,,130,,,,EVERYUTHWALNUTSCRUB.JPG/.JPEG,,,,,,,,,,,,,
EVERYUTH WALNUT SCRUB,,8.90E+12,ZYDUS WELNESS,,,,,,70,,,,EVERYUTHWALNUTSCRUB.JPG/.JPEG,,,,,,,,,,,,,
EVERYUTH TUSLI TURMERIC FACE WASH,,8.90E+12,ZYDUS WELNESS,,,,,,50,,,,EVERYUTHTUSLITURMERICFACEWASH.JPG/.JPEG,,,,,,,,,,,,,
EVERYOUTH GOLDEN GLOW PEEL OFF MASK,,8.90E+12,ZYDUS WELNESS,,,,,,75,,,,EVERYOUTHGOLDENGLOWPEELOFFMASK.JPG/.JPEG,,,,,,,,,,,,,
OREO,,8.91E+12,,,,,,,10,,,,OREO.JPG/.JPEG,,,,,,,,,,,,,
RED HIT,,,,,,,,,182,,,,REDHIT.JPG/.JPEG,,,,,,,,,,,,,
BLACK HIT,,,,,,,,,182,,,,BLACKHIT.JPG/.JPEG,,,,,,,,,,,,,
RED HIT,,,,,,,,,99,,,,REDHIT.JPG/.JPEG,,,,,,,,,,,,,
BLACK HIT,,,,,,,,,99,,,,BLACKHIT.JPG/.JPEG,,,,,,,,,,,,,
COLIN,,,,,,,,,89,,,,COLIN.JPG/.JPEG,,,,,,,,,,,,,
LIZOL,,,,,,,,,93,,,,LIZOL.JPG/.JPEG,,,,,,,,,,,,,
VASLINE,,,,,,,,,10,,,,VASLINE.JPG/.JPEG,,,,,,,,,,,,,
VIM LIQUID,,,,,,,,,45,,,,VIMLIQUID.JPG/.JPEG,,,,,,,,,,,,,
SURF EXCEL EASY WASH,,,HUL,,,,,,48,,,,SURFEXCELEASYWASH.JPG/.JPEG,,,,,,,,,,,,,
SURF EXCEL EASY WASH,,,HUL,,,,,,105,,,,SURFEXCELEASYWASH.JPG/.JPEG,,,,,,,,,,,,,
SURF EXCEL QUICK WASH,,,HUL,,,,,,180,,,,SURFEXCELQUICKWASH.JPG/.JPEG,,,,,,,,,,,,,
SURF EXCEL QUICK WASH,,,HUL,,,,,,90,,,,SURFEXCELQUICKWASH.JPG/.JPEG,,,,,,,,,,,,,
RIN SOAP,,,,,,,,,10,,,,RINSOAP.JPG/.JPEG,,,,,,,,,,,,,
TIDE EXTRA POWER,,,P&G,,,,,,96,,,,TIDEEXTRAPOWER.JPG/.JPEG,,,,,,,,,,,,,
TIDE EXTRA POWER,,,P&G,,,,,,48,,,,TIDEEXTRAPOWER.JPG/.JPEG,,,,,,,,,,,,,
SURF EXCEL TOP LOAD,,,,,,,,,209,,,,SURFEXCELTOPLOAD.JPG/.JPEG,,,,,,,,,,,,,
SURF EXCEL FRONT LOAD,,,,,,,,,235,,,,SURFEXCELFRONTLOAD.JPG/.JPEG,,,,,,,,,,,,,
SURF EXCEL MATIC TOP LOAD,,,,,,,,,449,,,,SURFEXCELMATICTOPLOAD.JPG/.JPEG,,,,,,,,,,,,,
MAGGIE (INR12),,,,,,,,,15,,,,MAGGIEINR.JPG/.JPEG,,,,,,,,,,,,,
MAGGIE (INR 68),,,,,,,,,68,,,,MAGGIEMAGGIE (INR68).JPG/.JPEG,,,,,,,,,,,,,
DETTOL SOAP,,,,,,,,,96,,,,DETTOLSOAP.JPG/.JPEG,,,,,,,,,,,,,
LUX SOFT TOUCH,,,,,,,,,95,,,,LUXSOFTTOUCH.JPG/.JPEG,,,,,,,,,,,,,
PEARS SOPA,,,,,,,,,38,,,,PEARSSOPA.JPG/.JPEG,,,,,,,,,,,,,
LUX INTERNATIONAL TOUCH,,,,,,,,,30,,,,LUXINTERNATIONALTOUCH.JPG/.JPEG,,,,,,,,,,,,,
DOVE SOPA BAR,,,,,,,,,20,,,,DOVESOPABAR.JPG/.JPEG,,,,,,,,,,,,,
CLINIC PLUS  STRONG & LONG,,,,,,,,,288,,,,CLINICPLUSSTRONG&LONG.JPG/.JPEG,,,,,,,,,,,,,
SESAME OIL,,,,,,,,,,,,,SESAMEOIL.JPG/.JPEG,,,,,,,,,,,,,
CLASSIC SALTED COMBO,,,,,,,,,,,,,CLASSICSALTEDCOMBO.JPG/.JPEG,,,,,,,,,,,,,
SUGARFREE,,,,,,,,,150,,,,SUGARFREE.JPG/.JPEG,,,,,,,,,,,,,
GARBAGE BAGS,,,,,,,,,68,,,,GARBAGEBAGS.JPG/.JPEG,,,,,,,,,,,,,
